gene	logFC_x	padj_x	logFC_y	padj_y	category
ABL1	0.100831643722291	0.00868469189845146	0.0347255868020077	0.16680983146524	not_significant
ACACA	0.32673379284061	4.58989561227435e-06	0.348909147579331	1.70658984672583e-05	only_y
ACVRL1	0.031303352884855	0.65261906830382	0.0491919019261946	0.112527131149828	not_significant
ADAR	0.0104245326690044	0.85023826124103	-0.13786957296985	0.00279368682787093	not_significant
ANXA1	-1.0538458463083	6.10722213570719e-27	-0.261036712250523	2.57864914830385e-05	concordant
ANXA7	0.150243360693077	3.98790167964189e-05	0.175631512534674	1.69222012955535e-11	not_significant
AR	3.41387321410312	1.09007081658221e-65	1.00926708276736	7.69505783728782e-34	concordant
ARAF	0.161951286031661	5.09725029462816e-06	0.109966318629969	0.000497268840824251	not_significant
ASNS	-1.1321185696093	2.99196621692759e-42	-0.694579515488047	4.57521328166509e-35	concordant
ATM	-0.00570212309094842	0.934551799264041	-0.107098799206974	0.0633487544921798	not_significant
BAK1	-0.602023525037415	1.03515444339678e-31	-0.114843826251343	0.0546864960414555	not_significant
BAP1	0.11360754515286	0.00124858967606905	0.764607588083333	0.130983533003123	not_significant
BAX	-0.276651235836001	9.71031252413196e-09	0.0510154297000134	0.12778204154468	not_significant
BCL2	2.09047097574806	6.04864749351176e-64	1.03370655291695	1.70864187726744e-33	concordant
BCL2A1	-1.5085338095725	8.60067070081277e-31	0.0697608907303909	0.0905438718383762	only_x
BCL2L1	0.416502618540802	7.63186740727068e-23	0.0735556170653409	0.002961995170202	not_significant
BCL2L11	0.358958817241266	3.11416660383963e-11	0.394862257922875	1.87577657808046e-14	only_y
BECN1	0.604139516076557	5.83307343116804e-39	-0.063788304874639	0.0296216754451788	not_significant
BID	-0.675466158822811	1.71606515936168e-31	0.000350737251164468	0.989441926188233	not_significant
BRAF	-0.0813037089022997	0.185084573398775	0.298380643224625	0.00202747635769213	only_y
BRCA2	-0.53577317413249	9.20784593356046e-09	-0.0720481278427185	0.00475258285172053	not_significant
BRD4	-0.245155226391772	5.32193810377374e-11	-0.187261292503728	0.000612007157575747	not_significant
CASP3	-0.210939449149011	1.81789041965093e-07	-0.279066333864543	5.9499261944987e-09	only_y
CASP8	0.00602133594845	0.918416387457231	0.0460010842726141	0.0876026301544284	not_significant
CASP9	0.210190415415642	2.64358992677512e-07	0.29732981475	0.455851531359623	not_significant
CAV1	0.204385624517798	0.0301866922684308	0.890385112368558	1.8503130824639e-14	only_y
CCNB1	-0.636860373307059	6.39624562292483e-16	-0.804793942510139	1.12598269084873e-19	only_y
CCND1	1.73160555870569	2.93069894090658e-44	0.322561710994392	2.25226241579393e-13	concordant
CCNE1	-2.30139415034534	4.03001717454614e-79	-0.618464571714268	1.54637224479184e-40	concordant
CCNE2	-0.514153181382981	7.52956586764667e-07	-0.0252835218163631	0.374115775633373	not_significant
CDH1	0.100517599159721	0.442242579262149	-0.0276634840585995	0.826703711073866	not_significant
CDH2	-0.42306411009584	0.00655986320118958	-0.0291086321317228	0.364317116116285	not_significant
CDH3	-2.41441720503074	5.78313688148952e-48	-0.376136336295797	4.42771409778162e-25	concordant
CDK1	-0.815245196553219	1.25934341602241e-18	-0.194324930684078	6.62161311212723e-11	not_significant
CDKN1A	0.325913628124448	0.000147332733908377	0.0486579762406051	0.117468910710512	not_significant
CDKN1B	0.425412039524442	2.51135915042774e-08	0.229590608166912	1.17935686362194e-08	only_y
CDKN2A	-1.82348979726526	1.2477952561332e-40	-0.628500991391513	1.20964867199151e-14	concordant
CHEK1	-1.08644262820812	9.88091708645353e-46	-0.12204911260116	1.64511894844731e-05	only_x
CHEK2	-0.846804980525936	7.3150424012309e-37	-0.292656010116972	2.86336018090375e-11	only_y
CLDN7	0.113808446815833	0.127826977925021	0.247493321695958	0.00464362570600035	only_y
COG3	0.262447614311338	8.53158342652213e-09	0.136210034589727	0.00378165248912724	not_significant
COPS5	-0.0770113656011091	0.142312882800894	0.0457554810320506	0.0594628565385995	not_significant
CTNNA1	0.353807909536242	1.85651343425352e-18	0.103369599416667	0.794056120041714	not_significant
CTNNB1	-0.096962715771685	0.0659087031100399	-0.0985296949327332	0.187148326307548	not_significant
DIABLO	0.0512219113395833	0.198058498275412	0.193454888808439	6.38586144081179e-06	not_significant
DIRAS3	0.244208068489207	0.136682533319215	0.131313050861799	7.48957224409576e-05	not_significant
DPP4	-0.239329315200929	0.0921251057879224	0.0857049918074556	0.0013211060497584	not_significant
DUSP4	1.18790108757286	8.49158362558177e-15	0.0188674728004952	0.836715096498163	only_x
DVL3	-0.263937864267186	7.09701691607842e-15	-0.0841774037069535	0.00759972417978279	not_significant
EEF2	0.26579099452494	1.84217281482872e-06	-0.153397862657887	3.81681876546859e-10	not_significant
EEF2K	0.347410612666041	2.54457093563084e-11	0.279759495892906	7.84715034166504e-10	only_y
EGFR	-2.28167949413918	1.49066656061082e-45	-0.368510548392968	4.33971548446535e-20	concordant
EIF4E	0.0864714275090908	0.0556550182661572	0.0113394509505421	0.68123639386479	not_significant
EIF4EBP1	-0.959924878461406	3.2384669776907e-22	-0.195977382396359	0.000408548729510955	not_significant
EIF4G1	-0.302176181224935	4.06342621935117e-14	-0.31779436383782	2.46459211386879e-06	only_y
ENY2	-0.559727734966861	1.50904014899119e-21	-0.19257911195263	8.67681559173846e-05	not_significant
EPPK1	0.0892822428169016	0.502970135546798	0.79975385475	0.257968439443335	not_significant
ERBB2	0.259703987767134	0.0524126436890294	0.0700713170926381	0.494451681300435	not_significant
ERBB3	1.12174562600505	4.42333143715883e-58	0.432479671981505	3.79999073351903e-11	concordant
ERCC1	0.0331156387399147	0.467631177783756	-0.0235420063183313	0.277783027468974	not_significant
ERCC5	0.00691528737020164	0.887415368316603	0.0497583866030518	0.0980422613756738	not_significant
ERRFI1	-0.610679830636082	6.68058839313127e-13	-0.0798089388206799	0.000275578985672795	not_significant
ESR1	6.19545890833713	1.30221982078421e-182	4.08979106715836	2.13378333765079e-112	concordant
ETS1	-0.522870027607606	4.80182739913507e-11	-0.0404182965676483	0.215589850561981	not_significant
FASN	0.839471587391603	8.96538382490104e-13	0.752042158936843	5.77743745891626e-11	only_y
FN1	0.309627023861527	0.00950099218052222	0.0946443789025432	0.33387871455704	not_significant
FOXM1	-1.49106901068054	8.93599389507416e-42	-0.649977314531288	1.53929804344739e-31	concordant
FOXO3	-0.104118517554552	0.0939631128021289	-0.0481098168894793	0.0710561281873434	not_significant
G6PD	-0.407354578495802	1.32192634221602e-08	-0.115380474446366	0.0150578477643745	not_significant
GAB2	0.0309091737234883	0.77881348528187	-0.122145576925064	0.0743522119747752	not_significant
GAPDH	-0.77563829185995	4.06040146518706e-30	-0.410103732245704	3.40053217549714e-06	only_y
GATA3	3.49471452049191	4.92003769986044e-124	1.832407267621	3.19559270302685e-77	concordant
GATA6	-1.11305739410108	2.36299931107963e-24	-0.226616693198929	4.13094686524705e-07	concordant
IGFBP2	1.46186865931083	1.04005205088332e-26	0.858317399774006	2.86625930340187e-20	concordant
INPP4B	2.40342635272683	6.27058253891515e-77	1.02645739737976	2.21017172420104e-36	concordant
IRF1	-0.253569742235939	0.00245565898702287	-0.00321004233389096	0.902572063361464	not_significant
IRS1	1.63960425733647	1.2986946514642e-49	0.206658605710815	1.6125356150213e-10	concordant
ITGA2	0.631857515872058	4.64601774216343e-08	0.0374584135289453	0.33387871455704	not_significant
JAK2	-0.00495853558780901	0.949524325298801	-0.126372032124153	0.000466314315554609	not_significant
KAT2A	0.0737348869203149	0.252290135880352	-0.0947318402175746	0.0544660093823078	not_significant
KDR	0.115403101906512	0.118550385013056	0.42336131212379	5.39668737209237e-11	only_y
KIT	-0.972407632530507	7.91229231803109e-10	-0.456592298781395	3.33674755724982e-07	only_y
LCK	-1.10621723384678	7.79030976072872e-14	-0.28470155462594	5.9499261944987e-09	concordant
MAP2K1	-0.175088017178082	4.33370328193395e-06	0.0756140477346607	0.0498129853116001	not_significant
MAPK1	-0.0827527974790545	0.0362787603901626	0.046616451871202	0.33387871455704	not_significant
MAPK9	0.488627393822206	1.17133418119022e-24	0.335202468227647	4.16255674539006e-23	only_y
MET	-1.67064009611542	1.74700738887163e-32	0.0368455756437559	0.150373335489389	only_x
MS4A1	-1.02664402346183	1.50295333222301e-05	0.0267591460105207	0.347967831873094	only_x
MSH2	-0.621429036336089	2.04470575446241e-36	-0.320101456537091	6.0379060947662e-14	only_y
MSH6	-0.492026836092537	6.60604489583716e-26	-0.584781675184533	3.05876073577766e-22	only_y
MTOR	-0.057758991996586	0.163708062531364	0.116019524359169	0.0250915030265605	not_significant
MYC	-0.527835866665434	9.08700651187992e-07	-0.119445718551881	0.00129746365001899	not_significant
MYH11	0.984970356668121	3.4139866108838e-09	0.70496792542934	6.51787371772585e-05	only_y
MYH9	-0.264093830580293	2.42238067007334e-07	-0.143114534247162	0.000123841211541243	not_significant
NF2	-0.388970943213817	2.7084557851531e-15	-0.0443023629250234	0.150373335489389	not_significant
NOTCH1	-0.809483732884669	1.52260229164258e-31	-0.194083575073424	1.62091293751764e-14	not_significant
NRAS	-0.204586764145418	0.00147643754784369	0.00716910901669787	0.780778753709177	not_significant
PARK7	0.156219610704683	0.000509032575960694	0.329139237209242	4.56979076520642e-17	only_y
PARP1	-0.175472985433954	0.000495534744384847	-0.608711099758445	2.1978105854809e-09	only_y
PCNA	-0.447674858476093	4.41989828139712e-15	-0.0630659371470872	0.187148326307548	not_significant
PDCD4	0.737450171501898	2.20715151973664e-14	-0.29138392672333	0.00755300988199269	only_y
PDPK1	0.512005468539403	3.99924113696535e-25	0.232370748855167	4.09865547452284e-21	only_y
PEA15	-0.109526382472417	0.0238369752904156	0.130605636192772	3.23060877602456e-06	not_significant
PECAM1	0.0879219708307186	0.227171244976051	-0.189805009598775	8.59538296095521e-05	not_significant
PGR	4.64982612219857	3.66472209933232e-68	2.08684621499903	3.59816746065993e-30	concordant
PIK3CA	-0.22251303693101	5.06947284622926e-05	0.0560566963722326	0.0286333069080038	not_significant
PIK3R1	0.126334938975072	0.145192189705209	0.0984555954333222	0.00484898136921773	not_significant
PRDX1	-0.331860997964297	3.41468187906688e-09	-0.760980948916667	0.138623191672306	not_significant
PREX1	1.99022833266715	2.0654846112569e-67	0.898135872799324	1.37079570611988e-29	concordant
PRKCA	-1.0069456362301	2.92788066752277e-22	-0.077685933803353	0.00786507167988889	only_x
PTEN	0.501844089459841	4.6195732894853e-19	0.187849058061069	1.02042625146195e-05	not_significant
PXN	0.128211134143275	0.0123321336041019	0.068838654805191	0.064366468489531	not_significant
RAB25	-0.0191580512925373	0.783174163383633	0.0330172443783429	0.494451681300435	not_significant
RAD50	0.693215873915912	1.93491641279381e-41	0.145487682938503	6.86813111971922e-09	not_significant
RAD51	-0.843124410898036	3.84456061715099e-21	-0.117215857899187	0.00492701723894969	not_significant
RAF1	-0.150442239656432	2.03910413216093e-06	-0.0384751324304176	0.158127347666914	not_significant
RB1	0.693965491406324	3.56321420514552e-25	0.10548570467675	0.00100108292952548	not_significant
RBM15	-0.378395741733979	1.91331795225458e-19	-0.444896697285624	7.68572976395499e-10	only_y
RICTOR	0.337795466587348	2.20149338726732e-09	0.152460400495897	0.00488618043591155	not_significant
RPS6	-0.348396143299336	1.01754406491922e-07	-0.340018282705776	1.7706872958708e-11	only_y
RPS6KA1	-0.352021089617875	2.77777781876209e-09	-0.112116878329226	0.00124574961192692	not_significant
RPS6KB1	0.381533396852547	6.10259484349124e-10	0.179254284109617	0.00153415718629601	not_significant
RPTOR	0.129937797339618	0.010061467743886	0.142409749270754	1.21364572370377e-05	not_significant
SCD	0.481460105596778	0.000218651866290096	-0.389026849652115	0.00455575414760377	only_y
SERPINE1	0.304100646966424	0.00646965159285358	-0.209592858894092	0.0497037344580854	only_y
SETD2	0.195411333996409	2.58713902737841e-07	-0.0629391403062508	0.0299020668172842	not_significant
SMAD1	0.15212070757304	0.00162630687131931	0.0668475183632981	0.0118890296295278	not_significant
SMAD3	0.655648634027079	1.90521524698797e-23	0.190617613516169	3.00344582936869e-16	not_significant
SMAD4	0.0859140687308848	0.068411749092299	0.0574954222176868	0.0868036530014493	not_significant
SNAI1	-0.953085679361231	2.17399914880118e-29	-0.161977516636628	1.22590362627385e-09	not_significant
SRC	-0.336989770308334	1.24847862865513e-07	-0.0502613840954022	0.119591538744293	not_significant
STAT5A	-0.17938515323622	0.0238434666745158	-0.11577900408197	0.117468910710512	not_significant
STK11	0.195889630875914	9.88835547988116e-05	0.0399147206094499	0.0355901903375816	not_significant
STMN1	-1.19750783889049	2.32710297571074e-49	-0.173064626346841	1.68474719628099e-08	only_x
SYK	-0.479278244824732	5.61051835217594e-08	-0.488758217087987	4.58666935709281e-15	only_y
TFRC	-0.569485730486434	2.40902987330603e-10	-0.129181155293655	0.0278945267318892	not_significant
TP53	0.160825600721333	0.0420092854428472	-0.430669436807484	1.33182257589073e-15	only_y
TP53BP1	0.489707138010216	1.12349697126886e-21	0.406205551043245	7.88292548860356e-06	only_y
TSC1	0.276099319569795	6.62028945020075e-11	-0.474345196386428	2.51987875497233e-11	only_y
TSC2	0.308817371420078	1.401387613399e-13	0.262858233480237	4.48943066094658e-05	only_y
WWTR1	-0.993144669498697	4.79812060111675e-31	-0.075353170291402	0.0324954077688308	not_significant
XBP1	2.30565063162884	1.22365605874978e-104	-0.0323282451456632	0.336774523995265	only_x
XRCC1	0.13547520426849	0.00255698995570129	0.167626555064454	0.000243074373606157	not_significant
XRCC5	-0.00601167792970969	0.862633104469057	-0.0874996777452349	0.0257353030827748	not_significant
YAP1	-0.313953995668303	3.94292442965004e-06	-0.065193080294863	0.134918579853208	not_significant
YBX1	-1.15877894291638	5.15606067279238e-79	-0.0274135708778276	0.474536041572414	only_x
YWHAB	0.188221852777952	4.78491351022069e-07	0.0281845025723665	0.257968439443335	not_significant
YWHAE	-0.132354084905037	0.00165015587592437	0.0335482169383817	0.145797050929249	not_significant
YWHAZ	-0.362356236812012	1.65418862491524e-09	-0.00587286610813145	0.902641945755533	not_significant
