sample	correlation	sample_ordered	median_r	n_shared_samples	n_shared_features	n_features_used
TCGA-A8-A06Z-01	0.567512990080302	TCGA-A8-A06Z-01	0.233779438951853	637	149	146
TCGA-AR-A24K-01	0.545816801118354	TCGA-AR-A24K-01	0.233779438951853	637	149	146
TCGA-A8-A099-01	0.519189891355692	TCGA-A8-A099-01	0.233779438951853	637	149	146
TCGA-A8-A083-01	0.514174933081404	TCGA-A8-A083-01	0.233779438951853	637	149	146
TCGA-BH-A0E0-01	0.497246985954211	TCGA-BH-A0E0-01	0.233779438951853	637	149	146
TCGA-A1-A0SK-01	0.488620383227665	TCGA-A1-A0SK-01	0.233779438951853	637	149	146
TCGA-A8-A08A-01	0.482330029060646	TCGA-A8-A08A-01	0.233779438951853	637	149	146
TCGA-BH-A0E7-01	0.478264206945122	TCGA-BH-A0E7-01	0.233779438951853	637	149	146
TCGA-BH-A0HW-01	0.47669902052753	TCGA-BH-A0HW-01	0.233779438951853	637	149	146
TCGA-AO-A0J7-01	0.468949771689498	TCGA-AO-A0J7-01	0.233779438951853	637	149	146
TCGA-A8-A07Z-01	0.465913765379908	TCGA-A8-A07Z-01	0.233779438951853	637	149	146
TCGA-AO-A1KQ-01	0.46292902499799	TCGA-AO-A1KQ-01	0.233779438951853	637	149	146
TCGA-AO-A0J3-01	0.45894982970207	TCGA-AO-A0J3-01	0.233779438951853	637	149	146
TCGA-AR-A0TP-01	0.455985726643394	TCGA-AR-A0TP-01	0.233779438951853	637	149	146
TCGA-AN-A0G0-01	0.455853408911982	TCGA-AN-A0G0-01	0.233779438951853	637	149	146
TCGA-E9-A22G-01	0.452307342966371	TCGA-E9-A22G-01	0.233779438951853	637	149	146
TCGA-E2-A156-01	0.451833277896635	TCGA-E2-A156-01	0.233779438951853	637	149	146
TCGA-D8-A1JI-01	0.451494408091457	TCGA-D8-A1JI-01	0.233779438951853	637	149	146
TCGA-EW-A1J1-01	0.445526886906197	TCGA-EW-A1J1-01	0.233779438951853	637	149	146
TCGA-D8-A143-01	0.438584474885845	TCGA-D8-A143-01	0.233779438951853	637	149	146
TCGA-AN-A0AR-01	0.435720070817727	TCGA-AN-A0AR-01	0.233779438951853	637	149	146
TCGA-E2-A109-01	0.433973850524086	TCGA-E2-A109-01	0.233779438951853	637	149	146
TCGA-BH-A18V-01	0.433843522519816	TCGA-BH-A18V-01	0.233779438951853	637	149	146
TCGA-E2-A155-01	0.432553928515194	TCGA-E2-A155-01	0.233779438951853	637	149	146
TCGA-EW-A1P0-01	0.429551482999759	TCGA-EW-A1P0-01	0.233779438951853	637	149	146
TCGA-B6-A0I6-01	0.429109589041096	TCGA-B6-A0I6-01	0.233779438951853	637	149	146
TCGA-C8-A1HJ-01	0.42858133247081	TCGA-C8-A1HJ-01	0.233779438951853	637	149	146
TCGA-AQ-A1H2-01	0.427376069802466	TCGA-AQ-A1H2-01	0.233779438951853	637	149	146
TCGA-AR-A0U3-01	0.422079200125964	TCGA-AR-A0U3-01	0.233779438951853	637	149	146
TCGA-BH-A0BV-01	0.421280527949078	TCGA-BH-A0BV-01	0.233779438951853	637	149	146
TCGA-E2-A15S-01	0.420314557382639	TCGA-E2-A15S-01	0.233779438951853	637	149	146
TCGA-BH-A18S-01	0.418763205364718	TCGA-BH-A18S-01	0.233779438951853	637	149	146
TCGA-A2-A04U-01	0.418726221710427	TCGA-A2-A04U-01	0.233779438951853	637	149	146
TCGA-C8-A1HN-01	0.418385196512948	TCGA-C8-A1HN-01	0.233779438951853	637	149	146
TCGA-AN-A04D-01	0.415927444354932	TCGA-AN-A04D-01	0.233779438951853	637	149	146
TCGA-AR-A0TR-01	0.414005668398677	TCGA-AR-A0TR-01	0.233779438951853	637	149	146
TCGA-C8-A138-01	0.412995235974194	TCGA-C8-A138-01	0.233779438951853	637	149	146
TCGA-E2-A15J-01	0.411813100299165	TCGA-E2-A15J-01	0.233779438951853	637	149	146
TCGA-A2-A0T0-01	0.411643835616438	TCGA-A2-A0T0-01	0.233779438951853	637	149	146
TCGA-D8-A1JK-01	0.410946489323411	TCGA-D8-A1JK-01	0.233779438951853	637	149	146
TCGA-D8-A1JS-01	0.410774857326581	TCGA-D8-A1JS-01	0.233779438951853	637	149	146
TCGA-AO-A12F-01	0.410616438356164	TCGA-AO-A12F-01	0.233779438951853	637	149	146
TCGA-BH-A0BS-01	0.408815943174445	TCGA-BH-A0BS-01	0.233779438951853	637	149	146
TCGA-E2-A159-01	0.407704714922798	TCGA-E2-A159-01	0.233779438951853	637	149	146
TCGA-A8-A07I-01	0.406050228310502	TCGA-A8-A07I-01	0.233779438951853	637	149	146
TCGA-D8-A27P-01	0.405912719864014	TCGA-D8-A27P-01	0.233779438951853	637	149	146
TCGA-AR-A1AI-01	0.404416627302787	TCGA-AR-A1AI-01	0.233779438951853	637	149	146
TCGA-D8-A1XZ-01	0.402101921067438	TCGA-D8-A1XZ-01	0.233779438951853	637	149	146
TCGA-D8-A1JJ-01	0.399963829274174	TCGA-D8-A1JJ-01	0.233779438951853	637	149	146
TCGA-A8-A09I-01	0.399633915918753	TCGA-A8-A09I-01	0.233779438951853	637	149	146
TCGA-E9-A1R2-01	0.398806366047745	TCGA-E9-A1R2-01	0.233779438951853	637	149	146
TCGA-AN-A0FZ-01	0.398409699259959	TCGA-AN-A0FZ-01	0.233779438951853	637	149	146
TCGA-A7-A26I-01	0.397205205776671	TCGA-A7-A26I-01	0.233779438951853	637	149	146
TCGA-A8-A09A-01	0.396987085682649	TCGA-A8-A09A-01	0.233779438951853	637	149	146
TCGA-AO-A03U-01	0.395028730740164	TCGA-AO-A03U-01	0.233779438951853	637	149	146
TCGA-D8-A1JM-01	0.393758540310264	TCGA-D8-A1JM-01	0.233779438951853	637	149	146
TCGA-C8-A12L-01	0.392109896187696	TCGA-C8-A12L-01	0.233779438951853	637	149	146
TCGA-BH-A1EV-01	0.391146603113495	TCGA-BH-A1EV-01	0.233779438951853	637	149	146
TCGA-BH-A0DT-01	0.389848439073208	TCGA-BH-A0DT-01	0.233779438951853	637	149	146
TCGA-B6-A0IB-01	0.389509526058888	TCGA-B6-A0IB-01	0.233779438951853	637	149	146
TCGA-BH-A209-01	0.387814484366208	TCGA-BH-A209-01	0.233779438951853	637	149	146
TCGA-BH-A1FD-01	0.386058194678884	TCGA-BH-A1FD-01	0.233779438951853	637	149	146
TCGA-BH-A18G-01	0.385345965241303	TCGA-BH-A18G-01	0.233779438951853	637	149	146
TCGA-A2-A1FW-01	0.385069528172976	TCGA-A2-A1FW-01	0.233779438951853	637	149	146
TCGA-E2-A14N-01	0.383711116469737	TCGA-E2-A14N-01	0.233779438951853	637	149	146
TCGA-A2-A04V-01	0.381889054764252	TCGA-A2-A04V-01	0.233779438951853	637	149	146
TCGA-A8-A07W-01	0.381613131790269	TCGA-A8-A07W-01	0.233779438951853	637	149	146
TCGA-A8-A06Y-01	0.381428496918482	TCGA-A8-A06Y-01	0.233779438951853	637	149	146
TCGA-BH-A1FJ-01	0.38130212734338	TCGA-BH-A1FJ-01	0.233779438951853	637	149	146
TCGA-A7-A26F-01	0.379495217426252	TCGA-A7-A26F-01	0.233779438951853	637	149	146
TCGA-D8-A27H-01	0.378890743198832	TCGA-D8-A27H-01	0.233779438951853	637	149	146
TCGA-BH-A1ET-01	0.375711735101603	TCGA-BH-A1ET-01	0.233779438951853	637	149	146
TCGA-D8-A1JD-01	0.375476247890041	TCGA-D8-A1JD-01	0.233779438951853	637	149	146
TCGA-AR-A0U0-01	0.375081434187142	TCGA-AR-A0U0-01	0.233779438951853	637	149	146
TCGA-D8-A1Y3-01	0.375006028454304	TCGA-D8-A1Y3-01	0.233779438951853	637	149	146
TCGA-BH-A0BZ-01	0.373262452037706	TCGA-BH-A0BZ-01	0.233779438951853	637	149	146
TCGA-GM-A2D9-01	0.372365939601044	TCGA-GM-A2D9-01	0.233779438951853	637	149	146
TCGA-E9-A1NA-01	0.371585885378989	TCGA-E9-A1NA-01	0.233779438951853	637	149	146
TCGA-C8-A12Z-01	0.369582289369101	TCGA-C8-A12Z-01	0.233779438951853	637	149	146
TCGA-E9-A1N6-01	0.368861024033438	TCGA-E9-A1N6-01	0.233779438951853	637	149	146
TCGA-C8-A1HK-01	0.368182188110253	TCGA-C8-A1HK-01	0.233779438951853	637	149	146
TCGA-A8-A094-01	0.367623570720902	TCGA-A8-A094-01	0.233779438951853	637	149	146
TCGA-D8-A1XL-01	0.367414564157573	TCGA-D8-A1XL-01	0.233779438951853	637	149	146
TCGA-AN-A0FV-01	0.36699732325618	TCGA-AN-A0FV-01	0.233779438951853	637	149	146
TCGA-BH-A1F5-01	0.366088302878071	TCGA-BH-A1F5-01	0.233779438951853	637	149	146
TCGA-AN-A0FT-01	0.365371595024406	TCGA-AN-A0FT-01	0.233779438951853	637	149	146
TCGA-BH-A18P-01	0.364985829003307	TCGA-BH-A18P-01	0.233779438951853	637	149	146
TCGA-A8-A09C-01	0.363352227995591	TCGA-A8-A09C-01	0.233779438951853	637	149	146
TCGA-D8-A146-01	0.362588568729334	TCGA-D8-A146-01	0.233779438951853	637	149	146
TCGA-C8-A1HF-01	0.362446748653645	TCGA-C8-A1HF-01	0.233779438951853	637	149	146
TCGA-AN-A0AJ-01	0.361939064714218	TCGA-AN-A0AJ-01	0.233779438951853	637	149	146
TCGA-A7-A0DC-01	0.361707173779082	TCGA-A7-A0DC-01	0.233779438951853	637	149	146
TCGA-AR-A0TT-01	0.36149102797076	TCGA-AR-A0TT-01	0.233779438951853	637	149	146
TCGA-AR-A24Z-01	0.361265171609999	TCGA-AR-A24Z-01	0.233779438951853	637	149	146
TCGA-A2-A0CQ-01	0.359722878286884	TCGA-A2-A0CQ-01	0.233779438951853	637	149	146
TCGA-D8-A1JA-01	0.358973792197225	TCGA-D8-A1JA-01	0.233779438951853	637	149	146
TCGA-E2-A15G-01	0.358947409856715	TCGA-E2-A15G-01	0.233779438951853	637	149	146
TCGA-EW-A2FW-01	0.35640187442959	TCGA-EW-A2FW-01	0.233779438951853	637	149	146
TCGA-AR-A24U-01	0.356112852664577	TCGA-AR-A24U-01	0.233779438951853	637	149	146
TCGA-AN-A0AT-01	0.355739953826767	TCGA-AN-A0AT-01	0.233779438951853	637	149	146
TCGA-A8-A085-01	0.355428279011179	TCGA-A8-A085-01	0.233779438951853	637	149	146
TCGA-B6-A0IQ-01	0.355113367973547	TCGA-B6-A0IQ-01	0.233779438951853	637	149	146
TCGA-E9-A1N8-01	0.354730683557252	TCGA-E9-A1N8-01	0.233779438951853	637	149	146
TCGA-EW-A1J5-01	0.354545454545455	TCGA-EW-A1J5-01	0.233779438951853	637	149	146
TCGA-E2-A158-01	0.353848167462153	TCGA-E2-A158-01	0.233779438951853	637	149	146
TCGA-A8-A082-01	0.351625728231775	TCGA-A8-A082-01	0.233779438951853	637	149	146
TCGA-E2-A150-01	0.350468430168477	TCGA-E2-A150-01	0.233779438951853	637	149	146
TCGA-E2-A15D-01	0.350305759538073	TCGA-E2-A15D-01	0.233779438951853	637	149	146
TCGA-D8-A140-01	0.349779562273658	TCGA-D8-A140-01	0.233779438951853	637	149	146
TCGA-AO-A12H-01	0.349297698490268	TCGA-AO-A12H-01	0.233779438951853	637	149	146
TCGA-A2-A0YE-01	0.348870256652496	TCGA-A2-A0YE-01	0.233779438951853	637	149	146
TCGA-BH-A0EE-01	0.347972760195245	TCGA-BH-A0EE-01	0.233779438951853	637	149	146
TCGA-D8-A13Z-01	0.347729046340357	TCGA-D8-A13Z-01	0.233779438951853	637	149	146
TCGA-D8-A1JC-01	0.347542749319713	TCGA-D8-A1JC-01	0.233779438951853	637	149	146
TCGA-E2-A10B-01	0.344605858538414	TCGA-E2-A10B-01	0.233779438951853	637	149	146
TCGA-A2-A0D4-01	0.343977664912843	TCGA-A2-A0D4-01	0.233779438951853	637	149	146
TCGA-AN-A0FL-01	0.343682097307511	TCGA-AN-A0FL-01	0.233779438951853	637	149	146
TCGA-A2-A0CU-01	0.343399353250849	TCGA-A2-A0CU-01	0.233779438951853	637	149	146
TCGA-E2-A154-01	0.342600264920095	TCGA-E2-A154-01	0.233779438951853	637	149	146
TCGA-C8-A273-01	0.342041118160642	TCGA-C8-A273-01	0.233779438951853	637	149	146
TCGA-A1-A0SO-01	0.340729806329712	TCGA-A1-A0SO-01	0.233779438951853	637	149	146
TCGA-AR-A256-01	0.340185676392573	TCGA-AR-A256-01	0.233779438951853	637	149	146
TCGA-BH-A0HL-01	0.339427195940957	TCGA-BH-A0HL-01	0.233779438951853	637	149	146
TCGA-A2-A0SW-01	0.338135726657219	TCGA-A2-A0SW-01	0.233779438951853	637	149	146
TCGA-BH-A1FM-01	0.337746161884093	TCGA-BH-A1FM-01	0.233779438951853	637	149	146
TCGA-AO-A03O-01	0.337445554727379	TCGA-AO-A03O-01	0.233779438951853	637	149	146
TCGA-C8-A12M-01	0.336124232404346	TCGA-C8-A12M-01	0.233779438951853	637	149	146
TCGA-A2-A0YJ-01	0.335125379248959	TCGA-A2-A0YJ-01	0.233779438951853	637	149	146
TCGA-BH-A1EN-01	0.334358842454743	TCGA-BH-A1EN-01	0.233779438951853	637	149	146
TCGA-C8-A12V-01	0.334211147850732	TCGA-C8-A12V-01	0.233779438951853	637	149	146
TCGA-BH-A201-01	0.334177316935938	TCGA-BH-A201-01	0.233779438951853	637	149	146
TCGA-BH-A0HU-01	0.333949706689764	TCGA-BH-A0HU-01	0.233779438951853	637	149	146
TCGA-AR-A1AV-01	0.332705806867	TCGA-AR-A1AV-01	0.233779438951853	637	149	146
TCGA-C8-A1HL-01	0.332565710151917	TCGA-C8-A1HL-01	0.233779438951853	637	149	146
TCGA-C8-A1HI-01	0.332372799614179	TCGA-C8-A1HI-01	0.233779438951853	637	149	146
TCGA-A1-A0SQ-01	0.332174194371796	TCGA-A1-A0SQ-01	0.233779438951853	637	149	146
TCGA-A2-A04T-01	0.332007097314656	TCGA-A2-A04T-01	0.233779438951853	637	149	146
TCGA-A8-A09R-01	0.331987742064377	TCGA-A8-A09R-01	0.233779438951853	637	149	146
TCGA-AR-A254-01	0.331339924443373	TCGA-AR-A254-01	0.233779438951853	637	149	146
TCGA-E2-A14Y-01	0.329639682018592	TCGA-E2-A14Y-01	0.233779438951853	637	149	146
TCGA-A2-A0D1-01	0.329330026767438	TCGA-A2-A0D1-01	0.233779438951853	637	149	146
TCGA-C8-A1HM-01	0.329274504937978	TCGA-C8-A1HM-01	0.233779438951853	637	149	146
TCGA-A7-A0CJ-01	0.327789253453604	TCGA-A7-A0CJ-01	0.233779438951853	637	149	146
TCGA-A2-A0SV-01	0.327098094788222	TCGA-A2-A0SV-01	0.233779438951853	637	149	146
TCGA-D8-A1XJ-01	0.326738204324411	TCGA-D8-A1XJ-01	0.233779438951853	637	149	146
TCGA-A8-A09W-01	0.32650040643349	TCGA-A8-A09W-01	0.233779438951853	637	149	146
TCGA-E2-A15T-01	0.324811053377421	TCGA-E2-A15T-01	0.233779438951853	637	149	146
TCGA-E2-A153-01	0.324622106754842	TCGA-E2-A153-01	0.233779438951853	637	149	146
TCGA-A8-A08J-01	0.32330570314307	TCGA-A8-A08J-01	0.233779438951853	637	149	146
TCGA-A2-A0CM-01	0.322630611941791	TCGA-A2-A0CM-01	0.233779438951853	637	149	146
TCGA-A2-A1FX-01	0.322623427826847	TCGA-A2-A1FX-01	0.233779438951853	637	149	146
TCGA-B6-A0X0-01	0.321744607148481	TCGA-B6-A0X0-01	0.233779438951853	637	149	146
TCGA-D8-A13Y-01	0.321461503564066	TCGA-D8-A13Y-01	0.233779438951853	637	149	146
TCGA-A8-A091-01	0.321280113367974	TCGA-A8-A091-01	0.233779438951853	637	149	146
TCGA-AN-A0AK-01	0.32123972968884	TCGA-AN-A0AK-01	0.233779438951853	637	149	146
TCGA-D8-A1JT-01	0.321103931661535	TCGA-D8-A1JT-01	0.233779438951853	637	149	146
TCGA-D8-A1XV-01	0.320768991950432	TCGA-D8-A1XV-01	0.233779438951853	637	149	146
TCGA-AO-A0JL-01	0.320097543790054	TCGA-AO-A0JL-01	0.233779438951853	637	149	146
TCGA-E2-A1L7-01	0.320042601077084	TCGA-E2-A1L7-01	0.233779438951853	637	149	146
TCGA-D8-A1X6-01	0.319651072714446	TCGA-D8-A1X6-01	0.233779438951853	637	149	146
TCGA-E9-A22D-01	0.319367414195	TCGA-E9-A22D-01	0.233779438951853	637	149	146
TCGA-D8-A1XS-01	0.319341932606409	TCGA-D8-A1XS-01	0.233779438951853	637	149	146
TCGA-A2-A0T1-01	0.319314516050288	TCGA-A2-A0T1-01	0.233779438951853	637	149	146
TCGA-E2-A15A-01	0.319200046449578	TCGA-E2-A15A-01	0.233779438951853	637	149	146
TCGA-GM-A2DC-01	0.319018084376502	TCGA-GM-A2DC-01	0.233779438951853	637	149	146
TCGA-A2-A0D3-01	0.317997791682618	TCGA-A2-A0D3-01	0.233779438951853	637	149	146
TCGA-A7-A0DB-01	0.317810812886013	TCGA-A7-A0DB-01	0.233779438951853	637	149	146
TCGA-A8-A086-01	0.317694063926941	TCGA-A8-A086-01	0.233779438951853	637	149	146
TCGA-A2-A0YH-01	0.317621553320057	TCGA-A2-A0YH-01	0.233779438951853	637	149	146
TCGA-EW-A1J3-01	0.316304959408408	TCGA-EW-A1J3-01	0.233779438951853	637	149	146
TCGA-AO-A129-01	0.314848675108221	TCGA-AO-A129-01	0.233779438951853	637	149	146
TCGA-AR-A1AS-01	0.314309388894855	TCGA-AR-A1AS-01	0.233779438951853	637	149	146
TCGA-GM-A2DM-01	0.31381552308464	TCGA-GM-A2DM-01	0.233779438951853	637	149	146
TCGA-A2-A0CY-01	0.313476841200499	TCGA-A2-A0CY-01	0.233779438951853	637	149	146
TCGA-D8-A27F-01	0.313383168555582	TCGA-D8-A27F-01	0.233779438951853	637	149	146
TCGA-A2-A0CW-01	0.31314359943316	TCGA-A2-A0CW-01	0.233779438951853	637	149	146
TCGA-D8-A27L-01	0.312935996713895	TCGA-D8-A27L-01	0.233779438951853	637	149	146
TCGA-E9-A1N4-01	0.312782961143147	TCGA-E9-A1N4-01	0.233779438951853	637	149	146
TCGA-A2-A04W-01	0.312474413478192	TCGA-A2-A04W-01	0.233779438951853	637	149	146
TCGA-AN-A0FJ-01	0.311718626987876	TCGA-AN-A0FJ-01	0.233779438951853	637	149	146
TCGA-BH-A0HK-01	0.311644142304652	TCGA-BH-A0HK-01	0.233779438951853	637	149	146
TCGA-E2-A1LK-01	0.311358233579589	TCGA-E2-A1LK-01	0.233779438951853	637	149	146
TCGA-AO-A1KT-01	0.311253427431058	TCGA-AO-A1KT-01	0.233779438951853	637	149	146
TCGA-AR-A1AQ-01	0.31027790899071	TCGA-AR-A1AQ-01	0.233779438951853	637	149	146
TCGA-D8-A1XW-01	0.310063499718672	TCGA-D8-A1XW-01	0.233779438951853	637	149	146
TCGA-A8-A06U-01	0.309705774102659	TCGA-A8-A06U-01	0.233779438951853	637	149	146
TCGA-C8-A1HO-01	0.309508881922675	TCGA-C8-A1HO-01	0.233779438951853	637	149	146
TCGA-D8-A27M-01	0.308978377943895	TCGA-D8-A27M-01	0.233779438951853	637	149	146
TCGA-A7-A0CE-01	0.308158467326621	TCGA-A7-A0CE-01	0.233779438951853	637	149	146
TCGA-E9-A22A-01	0.307398922916164	TCGA-E9-A22A-01	0.233779438951853	637	149	146
TCGA-BH-A0DD-01	0.307009040908117	TCGA-BH-A0DD-01	0.233779438951853	637	149	146
TCGA-E9-A1N9-01	0.306145004420867	TCGA-E9-A1N9-01	0.233779438951853	637	149	146
TCGA-AO-A03P-01	0.306052497689978	TCGA-AO-A03P-01	0.233779438951853	637	149	146
TCGA-E2-A1L6-01	0.305615114571621	TCGA-E2-A1L6-01	0.233779438951853	637	149	146
TCGA-AN-A04A-01	0.305572558598763	TCGA-AN-A04A-01	0.233779438951853	637	149	146
TCGA-BH-A1FC-01	0.304162254164777	TCGA-BH-A1FC-01	0.233779438951853	637	149	146
TCGA-A8-A081-01	0.302090222012282	TCGA-A8-A081-01	0.233779438951853	637	149	146
TCGA-A2-A0CS-01	0.300799382773905	TCGA-A2-A0CS-01	0.233779438951853	637	149	146
TCGA-AO-A0J2-01	0.300069477385004	TCGA-AO-A0J2-01	0.233779438951853	637	149	146
TCGA-E9-A22B-01	0.29978327685016	TCGA-E9-A22B-01	0.233779438951853	637	149	146
TCGA-AR-A1AY-01	0.299708707290191	TCGA-AR-A1AY-01	0.233779438951853	637	149	146
TCGA-A8-A0A7-01	0.298669794786197	TCGA-A8-A0A7-01	0.233779438951853	637	149	146
TCGA-AO-A0JE-01	0.298590773106597	TCGA-AO-A0JE-01	0.233779438951853	637	149	146
TCGA-AN-A0XU-01	0.298290520068573	TCGA-AN-A0XU-01	0.233779438951853	637	149	146
TCGA-E2-A14W-01	0.297740513304991	TCGA-E2-A14W-01	0.233779438951853	637	149	146
TCGA-AO-A0JG-01	0.296681624940954	TCGA-AO-A0JG-01	0.233779438951853	637	149	146
TCGA-A2-A0T2-01	0.2963430955755	TCGA-A2-A0T2-01	0.233779438951853	637	149	146
TCGA-AO-A03N-01	0.296028475858744	TCGA-AO-A03N-01	0.233779438951853	637	149	146
TCGA-A2-A0EY-01	0.295963525393315	TCGA-A2-A0EY-01	0.233779438951853	637	149	146
TCGA-C8-A12O-01	0.295244843331759	TCGA-C8-A12O-01	0.233779438951853	637	149	146
TCGA-A7-A13F-01	0.294977168949772	TCGA-A7-A13F-01	0.233779438951853	637	149	146
TCGA-B6-A0RU-01	0.294743243921616	TCGA-B6-A0RU-01	0.233779438951853	637	149	146
TCGA-AR-A24Q-01	0.294498030704927	TCGA-AR-A24Q-01	0.233779438951853	637	149	146
TCGA-EW-A1OW-01	0.294152399324813	TCGA-EW-A1OW-01	0.233779438951853	637	149	146
TCGA-D8-A1JG-01	0.293861319288509	TCGA-D8-A1JG-01	0.233779438951853	637	149	146
TCGA-A2-A1G0-01	0.293798730005627	TCGA-A2-A1G0-01	0.233779438951853	637	149	146
TCGA-BH-A0B9-01	0.293717524799244	TCGA-BH-A0B9-01	0.233779438951853	637	149	146
TCGA-AO-A124-01	0.293289035760755	TCGA-AO-A124-01	0.233779438951853	637	149	146
TCGA-D8-A147-01	0.293008974964572	TCGA-D8-A147-01	0.233779438951853	637	149	146
TCGA-A2-A0T5-01	0.29061565107857	TCGA-A2-A0T5-01	0.233779438951853	637	149	146
TCGA-C8-A26V-01	0.290270074752833	TCGA-C8-A26V-01	0.233779438951853	637	149	146
TCGA-AN-A0XO-01	0.289584317430326	TCGA-AN-A0XO-01	0.233779438951853	637	149	146
TCGA-E2-A152-01	0.289552826326563	TCGA-E2-A152-01	0.233779438951853	637	149	146
TCGA-A2-A0EO-01	0.288876336160881	TCGA-A2-A0EO-01	0.233779438951853	637	149	146
TCGA-A8-A09M-01	0.288716628008158	TCGA-A8-A09M-01	0.233779438951853	637	149	146
TCGA-A7-A0DA-01	0.288261691072272	TCGA-A7-A0DA-01	0.233779438951853	637	149	146
TCGA-D8-A1JE-01	0.28759803793571	TCGA-D8-A1JE-01	0.233779438951853	637	149	146
TCGA-BH-A0C0-01	0.287567201589654	TCGA-BH-A0C0-01	0.233779438951853	637	149	146
TCGA-C8-A12Q-01	0.286313179026925	TCGA-C8-A12Q-01	0.233779438951853	637	149	146
TCGA-C8-A12X-01	0.282490946307668	TCGA-C8-A12X-01	0.233779438951853	637	149	146
TCGA-AO-A12B-01	0.282300309302126	TCGA-AO-A12B-01	0.233779438951853	637	149	146
TCGA-AN-A0AL-01	0.28174752351559	TCGA-AN-A0AL-01	0.233779438951853	637	149	146
TCGA-A8-A09Z-01	0.281696627589287	TCGA-A8-A09Z-01	0.233779438951853	637	149	146
TCGA-AR-A1AT-01	0.281002991654857	TCGA-AR-A1AT-01	0.233779438951853	637	149	146
TCGA-A2-A0CT-01	0.280381870125622	TCGA-A2-A0CT-01	0.233779438951853	637	149	146
TCGA-AN-A0FF-01	0.279995551877352	TCGA-AN-A0FF-01	0.233779438951853	637	149	146
TCGA-C8-A27A-01	0.278416403842681	TCGA-C8-A27A-01	0.233779438951853	637	149	146
TCGA-AN-A0AM-01	0.27765957656245	TCGA-AN-A0AM-01	0.233779438951853	637	149	146
TCGA-A7-A13D-01	0.277157140607778	TCGA-A7-A13D-01	0.233779438951853	637	149	146
TCGA-AN-A0XW-01	0.276460399937018	TCGA-AN-A0XW-01	0.233779438951853	637	149	146
TCGA-D8-A1Y1-01	0.27598665702114	TCGA-D8-A1Y1-01	0.233779438951853	637	149	146
TCGA-E2-A1BD-01	0.275558967091797	TCGA-E2-A1BD-01	0.233779438951853	637	149	146
TCGA-D8-A142-01	0.274183469319403	TCGA-D8-A142-01	0.233779438951853	637	149	146
TCGA-A1-A0SJ-01	0.273086915446386	TCGA-A1-A0SJ-01	0.233779438951853	637	149	146
TCGA-A2-A0YD-01	0.272012281530468	TCGA-A2-A0YD-01	0.233779438951853	637	149	146
TCGA-AN-A0AS-01	0.270233831977929	TCGA-AN-A0AS-01	0.233779438951853	637	149	146
TCGA-E2-A15O-01	0.270042385099313	TCGA-E2-A15O-01	0.233779438951853	637	149	146
TCGA-GM-A2DO-01	0.269634946582954	TCGA-GM-A2DO-01	0.233779438951853	637	149	146
TCGA-A2-A04Y-01	0.267843910254332	TCGA-A2-A04Y-01	0.233779438951853	637	149	146
TCGA-E2-A15R-01	0.267442661476391	TCGA-E2-A15R-01	0.233779438951853	637	149	146
TCGA-E2-A1LB-01	0.267311979857039	TCGA-E2-A1LB-01	0.233779438951853	637	149	146
TCGA-AR-A24N-01	0.266984433510738	TCGA-AR-A24N-01	0.233779438951853	637	149	146
TCGA-C8-A137-01	0.266629533370399	TCGA-C8-A137-01	0.233779438951853	637	149	146
TCGA-BH-A1ES-01	0.266566728090579	TCGA-BH-A1ES-01	0.233779438951853	637	149	146
TCGA-E2-A1IG-01	0.264418318883582	TCGA-E2-A1IG-01	0.233779438951853	637	149	146
TCGA-D8-A1XD-01	0.264345977359246	TCGA-D8-A1XD-01	0.233779438951853	637	149	146
TCGA-C8-A132-01	0.264155511096325	TCGA-C8-A132-01	0.233779438951853	637	149	146
TCGA-AR-A24S-01	0.263869463869464	TCGA-AR-A24S-01	0.233779438951853	637	149	146
TCGA-D8-A1XG-01	0.262967733638771	TCGA-D8-A1XG-01	0.233779438951853	637	149	146
TCGA-E2-A14S-01	0.262690914816564	TCGA-E2-A14S-01	0.233779438951853	637	149	146
TCGA-D8-A1JU-01	0.261948922814054	TCGA-D8-A1JU-01	0.233779438951853	637	149	146
TCGA-A2-A0D0-01	0.261883955282633	TCGA-A2-A0D0-01	0.233779438951853	637	149	146
TCGA-D8-A1JF-01	0.261743428984808	TCGA-D8-A1JF-01	0.233779438951853	637	149	146
TCGA-AO-A12C-01	0.261647772004409	TCGA-AO-A12C-01	0.233779438951853	637	149	146
TCGA-A2-A0SU-01	0.260864430798299	TCGA-A2-A0SU-01	0.233779438951853	637	149	146
TCGA-E2-A15K-01	0.26048876209346	TCGA-E2-A15K-01	0.233779438951853	637	149	146
TCGA-E2-A1AZ-01	0.260360829358524	TCGA-E2-A1AZ-01	0.233779438951853	637	149	146
TCGA-AN-A0XP-01	0.260234608723036	TCGA-AN-A0XP-01	0.233779438951853	637	149	146
TCGA-E2-A15L-01	0.259967446007916	TCGA-E2-A15L-01	0.233779438951853	637	149	146
TCGA-AO-A0J6-01	0.259504664132412	TCGA-AO-A0J6-01	0.233779438951853	637	149	146
TCGA-A7-A13E-01	0.259163911195087	TCGA-A7-A13E-01	0.233779438951853	637	149	146
TCGA-D8-A1XQ-01	0.258897998553171	TCGA-D8-A1XQ-01	0.233779438951853	637	149	146
TCGA-E2-A15E-01	0.257926171002891	TCGA-E2-A15E-01	0.233779438951853	637	149	146
TCGA-E2-A1LS-01	0.257827202221819	TCGA-E2-A1LS-01	0.233779438951853	637	149	146
TCGA-A8-A09E-01	0.254971908923825	TCGA-A8-A09E-01	0.233779438951853	637	149	146
TCGA-A2-A0EQ-01	0.253444339474099	TCGA-A2-A0EQ-01	0.233779438951853	637	149	146
TCGA-AO-A1KR-01	0.252813278675348	TCGA-AO-A1KR-01	0.233779438951853	637	149	146
TCGA-E2-A107-01	0.252793364811867	TCGA-E2-A107-01	0.233779438951853	637	149	146
TCGA-BH-A1F8-01	0.252644989641595	TCGA-BH-A1F8-01	0.233779438951853	637	149	146
TCGA-AR-A0TQ-01	0.252483860809321	TCGA-AR-A0TQ-01	0.233779438951853	637	149	146
TCGA-E2-A1B4-01	0.252039048968666	TCGA-E2-A1B4-01	0.233779438951853	637	149	146
TCGA-BH-A1F2-01	0.25194116228599	TCGA-BH-A1F2-01	0.233779438951853	637	149	146
TCGA-A8-A07R-01	0.251602109903952	TCGA-A8-A07R-01	0.233779438951853	637	149	146
TCGA-E9-A1N5-01	0.251385040160141	TCGA-E9-A1N5-01	0.233779438951853	637	149	146
TCGA-AR-A1AP-01	0.250515666824122	TCGA-AR-A1AP-01	0.233779438951853	637	149	146
TCGA-BH-A18Q-01	0.250325244696684	TCGA-BH-A18Q-01	0.233779438951853	637	149	146
TCGA-BH-A0BW-01	0.250082664147378	TCGA-BH-A0BW-01	0.233779438951853	637	149	146
TCGA-D8-A1J8-01	0.25008063065746	TCGA-D8-A1J8-01	0.233779438951853	637	149	146
TCGA-A2-A1G4-01	0.249648590998228	TCGA-A2-A1G4-01	0.233779438951853	637	149	146
TCGA-A8-A09X-01	0.248783656117147	TCGA-A8-A09X-01	0.233779438951853	637	149	146
TCGA-D8-A27K-01	0.245711759504863	TCGA-D8-A27K-01	0.233779438951853	637	149	146
TCGA-AN-A0XT-01	0.245276575811581	TCGA-AN-A0XT-01	0.233779438951853	637	149	146
TCGA-BH-A1EU-01	0.244602523912869	TCGA-BH-A1EU-01	0.233779438951853	637	149	146
TCGA-BH-A0B3-01	0.244001424975722	TCGA-BH-A0B3-01	0.233779438951853	637	149	146
TCGA-AO-A126-01	0.243934026137616	TCGA-AO-A126-01	0.233779438951853	637	149	146
TCGA-B6-A0X1-01	0.243209970093381	TCGA-B6-A0X1-01	0.233779438951853	637	149	146
TCGA-AO-A1KS-01	0.243151920215459	TCGA-AO-A1KS-01	0.233779438951853	637	149	146
TCGA-EW-A1P8-01	0.243119524154007	TCGA-EW-A1P8-01	0.233779438951853	637	149	146
TCGA-AR-A24M-01	0.242834177316936	TCGA-AR-A24M-01	0.233779438951853	637	149	146
TCGA-A7-A0CD-01	0.242672652606649	TCGA-A7-A0CD-01	0.233779438951853	637	149	146
TCGA-AR-A0TV-01	0.242635018107385	TCGA-AR-A0TV-01	0.233779438951853	637	149	146
TCGA-A8-A07S-01	0.242422453156983	TCGA-A8-A07S-01	0.233779438951853	637	149	146
TCGA-A2-A0T7-01	0.242371518630568	TCGA-A2-A0T7-01	0.233779438951853	637	149	146
TCGA-BH-A0W5-01	0.242272870414108	TCGA-BH-A0W5-01	0.233779438951853	637	149	146
TCGA-E2-A10E-01	0.239714925942607	TCGA-E2-A10E-01	0.233779438951853	637	149	146
TCGA-A8-A07O-01	0.239659108801763	TCGA-A8-A07O-01	0.233779438951853	637	149	146
TCGA-BH-A1FG-01	0.239633308851207	TCGA-BH-A1FG-01	0.233779438951853	637	149	146
TCGA-C8-A26Y-01	0.239619001687967	TCGA-C8-A26Y-01	0.233779438951853	637	149	146
TCGA-D8-A1XO-01	0.239000080379391	TCGA-D8-A1XO-01	0.233779438951853	637	149	146
TCGA-A2-A0YM-01	0.2387579109176	TCGA-A2-A0YM-01	0.233779438951853	637	149	146
TCGA-C8-A1HE-01	0.238517804035045	TCGA-C8-A1HE-01	0.233779438951853	637	149	146
TCGA-BH-A0H9-01	0.238348291607621	TCGA-BH-A0H9-01	0.233779438951853	637	149	146
TCGA-E2-A10A-01	0.238183197708348	TCGA-E2-A10A-01	0.233779438951853	637	149	146
TCGA-EW-A1PB-01	0.238073947104399	TCGA-EW-A1PB-01	0.233779438951853	637	149	146
TCGA-E9-A22H-01	0.236793904021002	TCGA-E9-A22H-01	0.233779438951853	637	149	146
TCGA-BH-A0BM-01	0.236347103502079	TCGA-BH-A0BM-01	0.233779438951853	637	149	146
TCGA-D8-A1JP-01	0.235708544329234	TCGA-D8-A1JP-01	0.233779438951853	637	149	146
TCGA-C8-A1HG-01	0.235242816580365	TCGA-C8-A1HG-01	0.233779438951853	637	149	146
TCGA-D8-A1JH-01	0.233779438951853	TCGA-D8-A1JH-01	0.233779438951853	637	149	146
TCGA-B6-A0IJ-01	0.233604944103291	TCGA-B6-A0IJ-01	0.233779438951853	637	149	146
TCGA-A2-A0D2-01	0.232859227739079	TCGA-A2-A0D2-01	0.233779438951853	637	149	146
TCGA-AR-A24O-01	0.231233886412103	TCGA-AR-A24O-01	0.233779438951853	637	149	146
TCGA-D8-A1XY-01	0.229792621171932	TCGA-D8-A1XY-01	0.233779438951853	637	149	146
TCGA-AR-A0TW-01	0.229615640859465	TCGA-AR-A0TW-01	0.233779438951853	637	149	146
TCGA-AN-A0FY-01	0.229416627302787	TCGA-AN-A0FY-01	0.233779438951853	637	149	146
TCGA-A8-A08T-01	0.229365679977359	TCGA-A8-A08T-01	0.233779438951853	637	149	146
TCGA-E2-A14P-01	0.228747441347819	TCGA-E2-A14P-01	0.233779438951853	637	149	146
TCGA-C8-A133-01	0.228118068253607	TCGA-C8-A133-01	0.233779438951853	637	149	146
TCGA-A2-A0YT-01	0.227734045557941	TCGA-A2-A0YT-01	0.233779438951853	637	149	146
TCGA-A2-A04P-01	0.227301266142123	TCGA-A2-A04P-01	0.233779438951853	637	149	146
TCGA-E9-A1NI-01	0.227244594485974	TCGA-E9-A1NI-01	0.233779438951853	637	149	146
TCGA-BH-A0C3-01	0.226594460119048	TCGA-BH-A0C3-01	0.233779438951853	637	149	146
TCGA-B6-A0RM-01	0.226440717997166	TCGA-B6-A0RM-01	0.233779438951853	637	149	146
TCGA-EW-A1OY-01	0.226210164396736	TCGA-EW-A1OY-01	0.233779438951853	637	149	146
TCGA-A8-A08P-01	0.225268117753778	TCGA-A8-A08P-01	0.233779438951853	637	149	146
TCGA-AO-A12A-01	0.225023839773215	TCGA-AO-A12A-01	0.233779438951853	637	149	146
TCGA-A2-A25D-01	0.224471731042364	TCGA-A2-A25D-01	0.233779438951853	637	149	146
TCGA-D8-A1J9-01	0.222787557270316	TCGA-D8-A1J9-01	0.233779438951853	637	149	146
TCGA-BH-A0H5-01	0.222004408754527	TCGA-BH-A0H5-01	0.233779438951853	637	149	146
TCGA-AR-A1AH-01	0.221909935443237	TCGA-AR-A1AH-01	0.233779438951853	637	149	146
TCGA-D8-A27W-01	0.22172253034322	TCGA-D8-A27W-01	0.233779438951853	637	149	146
TCGA-D8-A27E-01	0.22153386135959	TCGA-D8-A27E-01	0.233779438951853	637	149	146
TCGA-GM-A2DH-01	0.221495681110635	TCGA-GM-A2DH-01	0.233779438951853	637	149	146
TCGA-E2-A14Q-01	0.220884723749048	TCGA-E2-A14Q-01	0.233779438951853	637	149	146
TCGA-D8-A27R-01	0.220151113254562	TCGA-D8-A27R-01	0.233779438951853	637	149	146
TCGA-D8-A1XT-01	0.219950164777751	TCGA-D8-A1XT-01	0.233779438951853	637	149	146
TCGA-A8-A075-01	0.219347562733891	TCGA-A8-A075-01	0.233779438951853	637	149	146
TCGA-BH-A0BR-01	0.218780507006771	TCGA-BH-A0BR-01	0.233779438951853	637	149	146
TCGA-BH-A1FR-01	0.216355413909174	TCGA-BH-A1FR-01	0.233779438951853	637	149	146
TCGA-BH-A0B1-01	0.215874121814794	TCGA-BH-A0B1-01	0.233779438951853	637	149	146
TCGA-BH-A18N-01	0.215348188620192	TCGA-BH-A18N-01	0.233779438951853	637	149	146
TCGA-A8-A06R-01	0.21534622042427	TCGA-A8-A06R-01	0.233779438951853	637	149	146
TCGA-BH-A0DL-01	0.215111793418359	TCGA-BH-A0DL-01	0.233779438951853	637	149	146
TCGA-D8-A27T-01	0.213463547946307	TCGA-D8-A27T-01	0.233779438951853	637	149	146
TCGA-D8-A1JL-01	0.212981271601961	TCGA-D8-A1JL-01	0.233779438951853	637	149	146
TCGA-E2-A15P-01	0.211823358178961	TCGA-E2-A15P-01	0.233779438951853	637	149	146
TCGA-E2-A15H-01	0.21034741678789	TCGA-E2-A15H-01	0.233779438951853	637	149	146
TCGA-GM-A2DD-01	0.210297793660547	TCGA-GM-A2DD-01	0.233779438951853	637	149	146
TCGA-D8-A1X9-01	0.206940760389036	TCGA-D8-A1X9-01	0.233779438951853	637	149	146
TCGA-AR-A252-01	0.205842192676944	TCGA-AR-A252-01	0.233779438951853	637	149	146
TCGA-D8-A1XB-01	0.204704409517435	TCGA-D8-A1XB-01	0.233779438951853	637	149	146
TCGA-BH-A0HA-01	0.204385136199024	TCGA-BH-A0HA-01	0.233779438951853	637	149	146
TCGA-E2-A1LL-01	0.202960174986212	TCGA-E2-A1LL-01	0.233779438951853	637	149	146
TCGA-AN-A041-01	0.20296016375374	TCGA-AN-A041-01	0.233779438951853	637	149	146
TCGA-A8-A08O-01	0.202649189104078	TCGA-A8-A08O-01	0.233779438951853	637	149	146
TCGA-E9-A227-01	0.202550443193165	TCGA-E9-A227-01	0.233779438951853	637	149	146
TCGA-A2-A0CX-01	0.202312827028152	TCGA-A2-A0CX-01	0.233779438951853	637	149	146
TCGA-A2-A0CP-01	0.201917020941584	TCGA-A2-A0CP-01	0.233779438951853	637	149	146
TCGA-E2-A14Z-01	0.200767595654228	TCGA-E2-A14Z-01	0.233779438951853	637	149	146
TCGA-AN-A0FK-01	0.199216854842695	TCGA-AN-A0FK-01	0.233779438951853	637	149	146
TCGA-D8-A27N-01	0.198010610079576	TCGA-D8-A27N-01	0.233779438951853	637	149	146
TCGA-E9-A1ND-01	0.195344220063016	TCGA-E9-A1ND-01	0.233779438951853	637	149	146
TCGA-AR-A1AJ-01	0.194621500418599	TCGA-AR-A1AJ-01	0.233779438951853	637	149	146
TCGA-AR-A0TS-01	0.194193827743662	TCGA-AR-A0TS-01	0.233779438951853	637	149	146
TCGA-AO-A0JD-01	0.193694097085294	TCGA-AO-A0JD-01	0.233779438951853	637	149	146
TCGA-A2-A0CV-01	0.193650606203747	TCGA-A2-A0CV-01	0.233779438951853	637	149	146
TCGA-C8-A27B-01	0.193006993006993	TCGA-C8-A27B-01	0.233779438951853	637	149	146
TCGA-A8-A08Z-01	0.190859707132735	TCGA-A8-A08Z-01	0.233779438951853	637	149	146
TCGA-BH-A0B2-01	0.185866581903119	TCGA-BH-A0B2-01	0.233779438951853	637	149	146
TCGA-AR-A0TU-01	0.185813257754684	TCGA-AR-A0TU-01	0.233779438951853	637	149	146
TCGA-AR-A0TY-01	0.184081247047709	TCGA-AR-A0TY-01	0.233779438951853	637	149	146
TCGA-A2-A25E-01	0.182083433807572	TCGA-A2-A25E-01	0.233779438951853	637	149	146
TCGA-BH-A0AV-01	0.182011065208716	TCGA-BH-A0AV-01	0.233779438951853	637	149	146
TCGA-C8-A130-01	0.18191229727602	TCGA-C8-A130-01	0.233779438951853	637	149	146
TCGA-D8-A1XF-01	0.181390526064441	TCGA-D8-A1XF-01	0.233779438951853	637	149	146
TCGA-BH-A0W4-01	0.180865574054779	TCGA-BH-A0W4-01	0.233779438951853	637	149	146
TCGA-D8-A1XC-01	0.180522608279721	TCGA-D8-A1XC-01	0.233779438951853	637	149	146
TCGA-BH-A202-01	0.179322581909284	TCGA-BH-A202-01	0.233779438951853	637	149	146
TCGA-BH-A0BJ-01	0.179302472051645	TCGA-BH-A0BJ-01	0.233779438951853	637	149	146
TCGA-A2-A0YG-01	0.177029556427591	TCGA-A2-A0YG-01	0.233779438951853	637	149	146
TCGA-EW-A1OX-01	0.176828986474488	TCGA-EW-A1OX-01	0.233779438951853	637	149	146
TCGA-BH-A1F0-01	0.175516437585403	TCGA-BH-A1F0-01	0.233779438951853	637	149	146
TCGA-E2-A1BC-01	0.175319192488122	TCGA-E2-A1BC-01	0.233779438951853	637	149	146
TCGA-AR-A24P-01	0.175287708560173	TCGA-AR-A24P-01	0.233779438951853	637	149	146
TCGA-A2-A0SX-01	0.175023790568293	TCGA-A2-A0SX-01	0.233779438951853	637	149	146
TCGA-BH-A0B7-01	0.173681480949424	TCGA-BH-A0B7-01	0.233779438951853	637	149	146
TCGA-D8-A1X8-01	0.172060469537502	TCGA-D8-A1X8-01	0.233779438951853	637	149	146
TCGA-A8-A06X-01	0.170528263265627	TCGA-A8-A06X-01	0.233779438951853	637	149	146
TCGA-C8-A26X-01	0.168503505047414	TCGA-C8-A26X-01	0.233779438951853	637	149	146
TCGA-AN-A0FW-01	0.168441977641316	TCGA-AN-A0FW-01	0.233779438951853	637	149	146
TCGA-E9-A1NH-01	0.166538226969607	TCGA-E9-A1NH-01	0.233779438951853	637	149	146
TCGA-BH-A28Q-01	0.165979589642787	TCGA-BH-A28Q-01	0.233779438951853	637	149	146
TCGA-BH-A0BP-01	0.165561030432043	TCGA-BH-A0BP-01	0.233779438951853	637	149	146
TCGA-AN-A0XS-01	0.165430640843962	TCGA-AN-A0XS-01	0.233779438951853	637	149	146
TCGA-D8-A1JN-01	0.16525700460676	TCGA-D8-A1JN-01	0.233779438951853	637	149	146
TCGA-AO-A128-01	0.162336639899228	TCGA-AO-A128-01	0.233779438951853	637	149	146
TCGA-BH-A0DH-01	0.162096520233034	TCGA-BH-A0DH-01	0.233779438951853	637	149	146
TCGA-AO-A12D-01	0.161372224846481	TCGA-AO-A12D-01	0.233779438951853	637	149	146
TCGA-BH-A0BQ-01	0.161041568256967	TCGA-BH-A0BQ-01	0.233779438951853	637	149	146
TCGA-EW-A2FV-01	0.160390618221781	TCGA-EW-A2FV-01	0.233779438951853	637	149	146
TCGA-AO-A12G-01	0.160242481498977	TCGA-AO-A12G-01	0.233779438951853	637	149	146
TCGA-B6-A0IG-01	0.1593471100488	TCGA-B6-A0IG-01	0.233779438951853	637	149	146
TCGA-EW-A1P1-01	0.158285264734893	TCGA-EW-A1P1-01	0.233779438951853	637	149	146
TCGA-A2-A25B-01	0.157310505586368	TCGA-A2-A25B-01	0.233779438951853	637	149	146
TCGA-BH-A0E2-01	0.156699732325618	TCGA-BH-A0E2-01	0.233779438951853	637	149	146
TCGA-BH-A0E6-01	0.156174378222381	TCGA-BH-A0E6-01	0.233779438951853	637	149	146
TCGA-BH-A0EB-01	0.155326544350693	TCGA-BH-A0EB-01	0.233779438951853	637	149	146
TCGA-C8-A12U-01	0.154515037002047	TCGA-C8-A12U-01	0.233779438951853	637	149	146
TCGA-A8-A08X-01	0.15425129900803	TCGA-A8-A08X-01	0.233779438951853	637	149	146
TCGA-D8-A1XU-01	0.15396672293224	TCGA-D8-A1XU-01	0.233779438951853	637	149	146
TCGA-B6-A0RL-01	0.153580447135487	TCGA-B6-A0RL-01	0.233779438951853	637	149	146
TCGA-AN-A0FD-01	0.152775153519131	TCGA-AN-A0FD-01	0.233779438951853	637	149	146
TCGA-BH-A0BO-01	0.151436781609195	TCGA-BH-A0BO-01	0.233779438951853	637	149	146
TCGA-BH-A0DI-01	0.15134639362548	TCGA-BH-A0DI-01	0.233779438951853	637	149	146
TCGA-E9-A22E-01	0.151338316855558	TCGA-E9-A22E-01	0.233779438951853	637	149	146
TCGA-A8-A07P-01	0.151037535501661	TCGA-A8-A07P-01	0.233779438951853	637	149	146
TCGA-A2-A25F-01	0.149797192546085	TCGA-A2-A25F-01	0.233779438951853	637	149	146
TCGA-B6-A0WX-01	0.14889810442893	TCGA-B6-A0WX-01	0.233779438951853	637	149	146
TCGA-D8-A1XM-01	0.148316200783976	TCGA-D8-A1XM-01	0.233779438951853	637	149	146
TCGA-EW-A1OV-01	0.144365549760492	TCGA-EW-A1OV-01	0.233779438951853	637	149	146
TCGA-E2-A1L8-01	0.143830881761916	TCGA-E2-A1L8-01	0.233779438951853	637	149	146
TCGA-BH-A0DK-01	0.142962019686192	TCGA-BH-A0DK-01	0.233779438951853	637	149	146
TCGA-BH-A18T-01	0.142682254763029	TCGA-BH-A18T-01	0.233779438951853	637	149	146
TCGA-C8-A12T-01	0.142324323579876	TCGA-C8-A12T-01	0.233779438951853	637	149	146
TCGA-AR-A0U4-01	0.140161274132837	TCGA-AR-A0U4-01	0.233779438951853	637	149	146
TCGA-E9-A1NF-01	0.138750904268146	TCGA-E9-A1NF-01	0.233779438951853	637	149	146
TCGA-C8-A26Z-01	0.137521099590065	TCGA-C8-A26Z-01	0.233779438951853	637	149	146
TCGA-D8-A1XK-01	0.136934330037778	TCGA-D8-A1XK-01	0.233779438951853	637	149	146
TCGA-C8-A12P-01	0.135525901432845	TCGA-C8-A12P-01	0.233779438951853	637	149	146
TCGA-GM-A2DF-01	0.135250381802106	TCGA-GM-A2DF-01	0.233779438951853	637	149	146
TCGA-E9-A1NE-01	0.134705946774791	TCGA-E9-A1NE-01	0.233779438951853	637	149	146
TCGA-AR-A251-01	0.134129089301503	TCGA-AR-A251-01	0.233779438951853	637	149	146
TCGA-EW-A1PA-01	0.133916083916084	TCGA-EW-A1PA-01	0.233779438951853	637	149	146
TCGA-AO-A0J5-01	0.133325591762771	TCGA-AO-A0J5-01	0.233779438951853	637	149	146
TCGA-AN-A0FS-01	0.133266545885108	TCGA-AN-A0FS-01	0.233779438951853	637	149	146
TCGA-BH-A1FN-01	0.132597861908207	TCGA-BH-A1FN-01	0.233779438951853	637	149	146
TCGA-BH-A0BC-01	0.131833569516612	TCGA-BH-A0BC-01	0.233779438951853	637	149	146
TCGA-BH-A0DS-01	0.131672177609825	TCGA-BH-A0DS-01	0.233779438951853	637	149	146
TCGA-AN-A049-01	0.130613417782123	TCGA-AN-A049-01	0.233779438951853	637	149	146
TCGA-A1-A0SH-01	0.129587987706711	TCGA-A1-A0SH-01	0.233779438951853	637	149	146
TCGA-BH-A0HX-01	0.128227838135727	TCGA-BH-A0HX-01	0.233779438951853	637	149	146
TCGA-D8-A1Y0-01	0.126927095892613	TCGA-D8-A1Y0-01	0.233779438951853	637	149	146
TCGA-BH-A0EI-01	0.125789369577066	TCGA-BH-A0EI-01	0.233779438951853	637	149	146
TCGA-A2-A1FV-01	0.124728719556306	TCGA-A2-A1FV-01	0.233779438951853	637	149	146
TCGA-C8-A131-01	0.122695365587531	TCGA-C8-A131-01	0.233779438951853	637	149	146
TCGA-AR-A0U1-01	0.122486736819789	TCGA-AR-A0U1-01	0.233779438951853	637	149	146
TCGA-AR-A24L-01	0.122482238648722	TCGA-AR-A24L-01	0.233779438951853	637	149	146
TCGA-C8-A134-01	0.121496614706345	TCGA-C8-A134-01	0.233779438951853	637	149	146
TCGA-BH-A1F6-01	0.120926895875489	TCGA-BH-A1F6-01	0.233779438951853	637	149	146
TCGA-BH-A0AU-01	0.120591245473154	TCGA-BH-A0AU-01	0.233779438951853	637	149	146
TCGA-AR-A24V-01	0.119821557752592	TCGA-AR-A24V-01	0.233779438951853	637	149	146
TCGA-AR-A1AK-01	0.119044479303646	TCGA-AR-A1AK-01	0.233779438951853	637	149	146
TCGA-EW-A1OZ-01	0.117788077514003	TCGA-EW-A1OZ-01	0.233779438951853	637	149	146
TCGA-A8-A08L-01	0.115942371280113	TCGA-A8-A08L-01	0.233779438951853	637	149	146
TCGA-AR-A24R-01	0.115901169420894	TCGA-AR-A24R-01	0.233779438951853	637	149	146
TCGA-A8-A08G-01	0.115411072479855	TCGA-A8-A08G-01	0.233779438951853	637	149	146
TCGA-BH-A0BF-01	0.115332231144702	TCGA-BH-A0BF-01	0.233779438951853	637	149	146
TCGA-GM-A2DB-01	0.115105412653194	TCGA-GM-A2DB-01	0.233779438951853	637	149	146
TCGA-A7-A0CG-01	0.114554907253743	TCGA-A7-A0CG-01	0.233779438951853	637	149	146
TCGA-EW-A1PE-01	0.114156934889671	TCGA-EW-A1PE-01	0.233779438951853	637	149	146
TCGA-AN-A0FX-01	0.113517556290348	TCGA-AN-A0FX-01	0.233779438951853	637	149	146
TCGA-B6-A0RO-01	0.112468619576322	TCGA-B6-A0RO-01	0.233779438951853	637	149	146
TCGA-EW-A1P5-01	0.11131552057268	TCGA-EW-A1P5-01	0.233779438951853	637	149	146
TCGA-BH-A1EO-01	0.107895374060996	TCGA-BH-A1EO-01	0.233779438951853	637	149	146
TCGA-BH-A0AZ-01	0.107597440555713	TCGA-BH-A0AZ-01	0.233779438951853	637	149	146
TCGA-B6-A0IO-01	0.107512702244484	TCGA-B6-A0IO-01	0.233779438951853	637	149	146
TCGA-AR-A250-01	0.107306594432369	TCGA-AR-A250-01	0.233779438951853	637	149	146
TCGA-AC-A23C-01	0.106842510334012	TCGA-AC-A23C-01	0.233779438951853	637	149	146
TCGA-A8-A09G-01	0.1053673686894	TCGA-A8-A09G-01	0.233779438951853	637	149	146
TCGA-A2-A0YI-01	0.101564814167911	TCGA-A2-A0YI-01	0.233779438951853	637	149	146
TCGA-A8-A07F-01	0.100271610769957	TCGA-A8-A07F-01	0.233779438951853	637	149	146
TCGA-A1-A0SF-01	0.0988868447943237	TCGA-A1-A0SF-01	0.233779438951853	637	149	146
TCGA-B6-A0RT-01	0.0987285466855613	TCGA-B6-A0RT-01	0.233779438951853	637	149	146
TCGA-BH-A0C7-01	0.0984629373946877	TCGA-BH-A0C7-01	0.233779438951853	637	149	146
TCGA-A7-A26G-01	0.0979382686279238	TCGA-A7-A26G-01	0.233779438951853	637	149	146
TCGA-B6-A0RP-01	0.0976933727891482	TCGA-B6-A0RP-01	0.233779438951853	637	149	146
TCGA-AO-A03M-01	0.0976932766493466	TCGA-AO-A03M-01	0.233779438951853	637	149	146
TCGA-C8-A12W-01	0.0976027397260274	TCGA-C8-A12W-01	0.233779438951853	637	149	146
TCGA-AO-A0JF-01	0.0971973874167801	TCGA-AO-A0JF-01	0.233779438951853	637	149	146
TCGA-BH-A0B0-01	0.0966226742075281	TCGA-BH-A0B0-01	0.233779438951853	637	149	146
TCGA-BH-A18M-01	0.0953139177177049	TCGA-BH-A18M-01	0.233779438951853	637	149	146
TCGA-A2-A0CL-01	0.0939500490577893	TCGA-A2-A0CL-01	0.233779438951853	637	149	146
TCGA-BH-A0DV-01	0.093764761454889	TCGA-BH-A0DV-01	0.233779438951853	637	149	146
TCGA-E2-A1B1-01	0.0915328294756731	TCGA-E2-A1B1-01	0.233779438951853	637	149	146
TCGA-D8-A1Y2-01	0.0912306084719878	TCGA-D8-A1Y2-01	0.233779438951853	637	149	146
TCGA-GM-A2DL-01	0.091132235282816	TCGA-GM-A2DL-01	0.233779438951853	637	149	146
TCGA-A2-A0ST-01	0.0908853830946188	TCGA-A2-A0ST-01	0.233779438951853	637	149	146
TCGA-A7-A26H-01	0.0899285526973293	TCGA-A7-A26H-01	0.233779438951853	637	149	146
TCGA-BH-A0AY-01	0.0898992284679578	TCGA-BH-A0AY-01	0.233779438951853	637	149	146
TCGA-AO-A0JJ-01	0.0878307430235261	TCGA-AO-A0JJ-01	0.233779438951853	637	149	146
TCGA-BH-A0EA-01	0.0872736576917021	TCGA-BH-A0EA-01	0.233779438951853	637	149	146
TCGA-A2-A0EV-01	0.0867737364194615	TCGA-A2-A0EV-01	0.233779438951853	637	149	146
TCGA-A2-A25C-01	0.0864641974763292	TCGA-A2-A25C-01	0.233779438951853	637	149	146
TCGA-E2-A1B6-01	0.0854274917335853	TCGA-E2-A1B6-01	0.233779438951853	637	149	146
TCGA-A2-A0T6-01	0.0852248516226712	TCGA-A2-A0T6-01	0.233779438951853	637	149	146
TCGA-B6-A0RG-01	0.0841403756695964	TCGA-B6-A0RG-01	0.233779438951853	637	149	146
TCGA-E2-A14O-01	0.0823178262457357	TCGA-E2-A14O-01	0.233779438951853	637	149	146
TCGA-BH-A18F-01	0.0815304676428909	TCGA-BH-A18F-01	0.233779438951853	637	149	146
TCGA-E9-A1NG-01	0.0797001848725987	TCGA-E9-A1NG-01	0.233779438951853	637	149	146
TCGA-AR-A1AW-01	0.0775429829387312	TCGA-AR-A1AW-01	0.233779438951853	637	149	146
TCGA-C8-A278-01	0.0766982458153326	TCGA-C8-A278-01	0.233779438951853	637	149	146
TCGA-A8-A09B-01	0.0739135569201701	TCGA-A8-A09B-01	0.233779438951853	637	149	146
TCGA-GM-A2DI-01	0.0658529576662323	TCGA-GM-A2DI-01	0.233779438951853	637	149	146
TCGA-AO-A1KO-01	0.064938509766096	TCGA-AO-A1KO-01	0.233779438951853	637	149	146
TCGA-A8-A06P-01	0.0638659894760873	TCGA-A8-A06P-01	0.233779438951853	637	149	146
TCGA-A2-A0ES-01	0.061927255550307	TCGA-A2-A0ES-01	0.233779438951853	637	149	146
TCGA-B6-A0RH-01	0.0613722248464809	TCGA-B6-A0RH-01	0.233779438951853	637	149	146
TCGA-E2-A1B0-01	0.0608250669185955	TCGA-E2-A1B0-01	0.233779438951853	637	149	146
TCGA-AC-A23E-01	0.0595189891477967	TCGA-AC-A23E-01	0.233779438951853	637	149	146
TCGA-AR-A0TX-01	0.0590950825609271	TCGA-AR-A0TX-01	0.233779438951853	637	149	146
TCGA-D8-A145-01	0.0559754369390647	TCGA-D8-A145-01	0.233779438951853	637	149	146
TCGA-BH-A0DG-01	0.0553712558763218	TCGA-BH-A0DG-01	0.233779438951853	637	149	146
TCGA-E2-A15C-01	0.0549362305148795	TCGA-E2-A15C-01	0.233779438951853	637	149	146
TCGA-E2-A1IL-01	0.0531508721163894	TCGA-E2-A1IL-01	0.233779438951853	637	149	146
TCGA-BH-A0HP-01	0.052440560541647	TCGA-BH-A0HP-01	0.233779438951853	637	149	146
TCGA-BH-A1EW-01	0.0520536934330038	TCGA-BH-A1EW-01	0.233779438951853	637	149	146
TCGA-AO-A0J9-01	0.0512084711069123	TCGA-AO-A0J9-01	0.233779438951853	637	149	146
TCGA-A8-A079-01	0.0502145825604307	TCGA-A8-A079-01	0.233779438951853	637	149	146
TCGA-E2-A14T-01	0.0496064100205031	TCGA-E2-A14T-01	0.233779438951853	637	149	146
TCGA-E2-A14V-01	0.0492914501653283	TCGA-E2-A14V-01	0.233779438951853	637	149	146
TCGA-EW-A2FS-01	0.0473272729025479	TCGA-EW-A2FS-01	0.233779438951853	637	149	146
TCGA-C8-A135-01	0.0469730101028506	TCGA-C8-A135-01	0.233779438951853	637	149	146
TCGA-AO-A12E-01	0.0464651236025823	TCGA-AO-A12E-01	0.233779438951853	637	149	146
TCGA-D8-A1XA-01	0.046023368369015	TCGA-D8-A1XA-01	0.233779438951853	637	149	146
TCGA-A7-A0D9-01	0.0452547288367492	TCGA-A7-A0D9-01	0.233779438951853	637	149	146
TCGA-BH-A1EX-01	0.0435114174015747	TCGA-BH-A1EX-01	0.233779438951853	637	149	146
TCGA-AO-A03L-01	0.0417572035899858	TCGA-AO-A03L-01	0.233779438951853	637	149	146
TCGA-AO-A0JC-01	0.0403736029499516	TCGA-AO-A0JC-01	0.233779438951853	637	149	146
TCGA-D8-A1X7-01	0.0394542239369826	TCGA-D8-A1X7-01	0.233779438951853	637	149	146
TCGA-D8-A27G-01	0.0388193047571412	TCGA-D8-A27G-01	0.233779438951853	637	149	146
TCGA-A8-A08H-01	0.0388049126121871	TCGA-A8-A08H-01	0.233779438951853	637	149	146
TCGA-BH-A1FB-01	0.0351117626314005	TCGA-BH-A1FB-01	0.233779438951853	637	149	146
TCGA-AO-A0JI-01	0.0347937675108099	TCGA-AO-A0JI-01	0.233779438951853	637	149	146
TCGA-BH-A0B4-01	0.0342899093547534	TCGA-BH-A0B4-01	0.233779438951853	637	149	146
TCGA-A7-A26E-01	0.0326019136342838	TCGA-A7-A26E-01	0.233779438951853	637	149	146
TCGA-AR-A1AL-01	0.0316170992925473	TCGA-AR-A1AL-01	0.233779438951853	637	149	146
TCGA-E2-A15M-01	0.031294284364667	TCGA-E2-A15M-01	0.233779438951853	637	149	146
TCGA-A8-A06N-01	0.0296922036807376	TCGA-A8-A06N-01	0.233779438951853	637	149	146
TCGA-AR-A1AO-01	0.0295445889865804	TCGA-AR-A1AO-01	0.233779438951853	637	149	146
TCGA-AR-A1AU-01	0.0269643106682751	TCGA-AR-A1AU-01	0.233779438951853	637	149	146
TCGA-C8-A274-01	0.0268628463605686	TCGA-C8-A274-01	0.233779438951853	637	149	146
TCGA-A2-A0EX-01	0.0264899489154877	TCGA-A2-A0EX-01	0.233779438951853	637	149	146
TCGA-GM-A2DK-01	0.0226328724236299	TCGA-GM-A2DK-01	0.233779438951853	637	149	146
TCGA-BH-A0E9-01	0.0181034660914374	TCGA-BH-A0E9-01	0.233779438951853	637	149	146
TCGA-A2-A1G6-01	0.0168595772044048	TCGA-A2-A1G6-01	0.233779438951853	637	149	146
TCGA-A2-A04N-01	0.0112600488703102	TCGA-A2-A04N-01	0.233779438951853	637	149	146
TCGA-D8-A27V-01	0.00946467325777671	TCGA-D8-A27V-01	0.233779438951853	637	149	146
TCGA-A2-A0YL-01	0.0089966235599	TCGA-A2-A0YL-01	0.233779438951853	637	149	146
TCGA-AN-A0XN-01	0.0076838293182176	TCGA-AN-A0XN-01	0.233779438951853	637	149	146
TCGA-BH-A1EY-01	0.00628165569654655	TCGA-BH-A1EY-01	0.233779438951853	637	149	146
TCGA-EW-A1PG-01	0.00621132989979933	TCGA-EW-A1PG-01	0.233779438951853	637	149	146
TCGA-A8-A0A4-01	0.00449929145016533	TCGA-A8-A0A4-01	0.233779438951853	637	149	146
TCGA-BH-A0BT-01	0.000511730436151787	TCGA-BH-A0BT-01	0.233779438951853	637	149	146
TCGA-A2-A1G1-01	2.81328150197222e-05	TCGA-A2-A1G1-01	0.233779438951853	637	149	146
TCGA-B6-A0RQ-01	-0.00176941161651973	TCGA-B6-A0RQ-01	0.233779438951853	637	149	146
TCGA-E2-A15F-01	-0.00328688395528263	TCGA-E2-A15F-01	0.233779438951853	637	149	146
TCGA-A2-A0EW-01	-0.00358999289481268	TCGA-A2-A0EW-01	0.233779438951853	637	149	146
TCGA-EW-A1IZ-01	-0.00475042676475881	TCGA-EW-A1IZ-01	0.233779438951853	637	149	146
TCGA-AO-A0J8-01	-0.0055345614863801	TCGA-AO-A0J8-01	0.233779438951853	637	149	146
TCGA-AO-A0JB-01	-0.0073590990368935	TCGA-AO-A0JB-01	0.233779438951853	637	149	146
TCGA-A2-A25A-01	-0.012595450526485	TCGA-A2-A25A-01	0.233779438951853	637	149	146
TCGA-E2-A14X-01	-0.0128247520075579	TCGA-E2-A14X-01	0.233779438951853	637	149	146
TCGA-BH-A18L-01	-0.0137891942001413	TCGA-BH-A18L-01	0.233779438951853	637	149	146
TCGA-BH-A18H-01	-0.0260943672145979	TCGA-BH-A18H-01	0.233779438951853	637	149	146
TCGA-D8-A1XR-01	-0.0302628406076682	TCGA-D8-A1XR-01	0.233779438951853	637	149	146
TCGA-BH-A1FL-01	-0.0335041732017021	TCGA-BH-A1FL-01	0.233779438951853	637	149	146
TCGA-AR-A24T-01	-0.0397858288982486	TCGA-AR-A24T-01	0.233779438951853	637	149	146
TCGA-A8-A084-01	-0.0406156510785703	TCGA-A8-A084-01	0.233779438951853	637	149	146
TCGA-A8-A07E-01	-0.0409463076680838	TCGA-A8-A07E-01	0.233779438951853	637	149	146
TCGA-E2-A1B5-01	-0.0414620560976557	TCGA-E2-A1B5-01	0.233779438951853	637	149	146
TCGA-B6-A0RN-01	-0.0424244631007754	TCGA-B6-A0RN-01	0.233779438951853	637	149	146
TCGA-BH-A0HN-01	-0.0428850209465459	TCGA-BH-A0HN-01	0.233779438951853	637	149	146
TCGA-B6-A0RV-01	-0.0439675719721604	TCGA-B6-A0RV-01	0.233779438951853	637	149	146
TCGA-A8-A09K-01	-0.0446288425335228	TCGA-A8-A09K-01	0.233779438951853	637	149	146
TCGA-GM-A2DN-01	-0.0446950051191902	TCGA-GM-A2DN-01	0.233779438951853	637	149	146
TCGA-A2-A04Q-01	-0.0449930030566984	TCGA-A2-A04Q-01	0.233779438951853	637	149	146
TCGA-BH-A0H6-01	-0.0457447646039994	TCGA-BH-A0H6-01	0.233779438951853	637	149	146
TCGA-C8-A12N-01	-0.0486538031942087	TCGA-C8-A12N-01	0.233779438951853	637	149	146
TCGA-AR-A24X-01	-0.0488466048213863	TCGA-AR-A24X-01	0.233779438951853	637	149	146
TCGA-A2-A0T4-01	-0.0507971685533711	TCGA-A2-A0T4-01	0.233779438951853	637	149	146
TCGA-A2-A0CZ-01	-0.0508207869044362	TCGA-A2-A0CZ-01	0.233779438951853	637	149	146
TCGA-A2-A0YK-01	-0.0545898820952497	TCGA-A2-A0YK-01	0.233779438951853	637	149	146
TCGA-AQ-A1H3-01	-0.0600374367388744	TCGA-AQ-A1H3-01	0.233779438951853	637	149	146
TCGA-E2-A15I-01	-0.0619443774616188	TCGA-E2-A15I-01	0.233779438951853	637	149	146
TCGA-EW-A1J2-01	-0.0657423697275166	TCGA-EW-A1J2-01	0.233779438951853	637	149	146
TCGA-AR-A255-01	-0.0685997910135841	TCGA-AR-A255-01	0.233779438951853	637	149	146
TCGA-BH-A1FH-01	-0.0689355134948613	TCGA-BH-A1FH-01	0.233779438951853	637	149	146
TCGA-BH-A0BA-01	-0.0690599905526689	TCGA-BH-A0BA-01	0.233779438951853	637	149	146
TCGA-D8-A27I-01	-0.0722189456424141	TCGA-D8-A27I-01	0.233779438951853	637	149	146
TCGA-E2-A108-01	-0.0760982522437411	TCGA-E2-A108-01	0.233779438951853	637	149	146
TCGA-A8-A076-01	-0.0789757518501023	TCGA-A8-A076-01	0.233779438951853	637	149	146
TCGA-E2-A1LG-01	-0.0852624387107146	TCGA-E2-A1LG-01	0.233779438951853	637	149	146
TCGA-EW-A1PD-01	-0.0860824814777107	TCGA-EW-A1PD-01	0.233779438951853	637	149	146
TCGA-BH-A0E1-01	-0.0862501968193985	TCGA-BH-A0E1-01	0.233779438951853	637	149	146
TCGA-BH-A0GY-01	-0.0883642110775823	TCGA-BH-A0GY-01	0.233779438951853	637	149	146
TCGA-E2-A10C-01	-0.0945619730770938	TCGA-E2-A10C-01	0.233779438951853	637	149	146
TCGA-A2-A0EU-01	-0.0960755157411855	TCGA-A2-A0EU-01	0.233779438951853	637	149	146
TCGA-EW-A1P3-01	-0.100148802496637	TCGA-EW-A1P3-01	0.233779438951853	637	149	146
TCGA-BH-A1FE-01	-0.112016718913271	TCGA-BH-A1FE-01	0.233779438951853	637	149	146
TCGA-BH-A18J-01	-0.115013496903591	TCGA-BH-A18J-01	0.233779438951853	637	149	146
TCGA-AO-A0JM-01	-0.117678549989501	TCGA-AO-A0JM-01	0.233779438951853	637	149	146
TCGA-D8-A1JB-01	-0.119532191945985	TCGA-D8-A1JB-01	0.233779438951853	637	149	146
TCGA-A2-A0ER-01	-0.124960636120296	TCGA-A2-A0ER-01	0.233779438951853	637	149	146
TCGA-EW-A1P4-01	-0.128215304452384	TCGA-EW-A1P4-01	0.233779438951853	637	149	146
TCGA-BH-A0RX-01	-0.128806487167375	TCGA-BH-A0RX-01	0.233779438951853	637	149	146
TCGA-A2-A0T3-01	-0.137624131656628	TCGA-A2-A0T3-01	0.233779438951853	637	149	146
TCGA-BH-A0HY-01	-0.138293182176035	TCGA-BH-A0HY-01	0.233779438951853	637	149	146
TCGA-E2-A1IU-01	-0.144992363957881	TCGA-E2-A1IU-01	0.233779438951853	637	149	146
TCGA-BH-A18U-01	-0.145302063948724	TCGA-BH-A18U-01	0.233779438951853	637	149	146
TCGA-B6-A0IK-01	-0.150378337206422	TCGA-B6-A0IK-01	0.233779438951853	637	149	146
TCGA-A2-A0YC-01	-0.15659557214971	TCGA-A2-A0YC-01	0.233779438951853	637	149	146
TCGA-AR-A0TZ-01	-0.163763741697983	TCGA-AR-A0TZ-01	0.233779438951853	637	149	146
TCGA-A2-A1FZ-01	-0.174061745500596	TCGA-A2-A1FZ-01	0.233779438951853	637	149	146
TCGA-AQ-A04L-01	-0.175157627890996	TCGA-AQ-A04L-01	0.233779438951853	637	149	146
TCGA-AO-A1KP-01	-0.177220480668757	TCGA-AO-A1KP-01	0.233779438951853	637	149	146
TCGA-A8-A095-01	-0.178369723635856	TCGA-A8-A095-01	0.233779438951853	637	149	146
TCGA-C8-A26W-01	-0.17915780399274	TCGA-C8-A26W-01	0.233779438951853	637	149	146
TCGA-AR-A1AX-01	-0.188978113682885	TCGA-AR-A1AX-01	0.233779438951853	637	149	146
TCGA-BH-A0C1-01	-0.200862266633567	TCGA-BH-A0C1-01	0.233779438951853	637	149	146
TCGA-EW-A1IX-01	-0.206020416365244	TCGA-EW-A1IX-01	0.233779438951853	637	149	146
TCGA-BH-A0B5-01	-0.208754526846166	TCGA-BH-A0B5-01	0.233779438951853	637	149	146
TCGA-A2-A0YF-01	-0.212899752893105	TCGA-A2-A0YF-01	0.233779438951853	637	149	146
TCGA-BH-A0H7-01	-0.215670760510156	TCGA-BH-A0H7-01	0.233779438951853	637	149	146
TCGA-BH-A0DP-01	-0.217722047162379	TCGA-BH-A0DP-01	0.233779438951853	637	149	146
TCGA-A2-A259-01	-0.230687073674935	TCGA-A2-A259-01	0.233779438951853	637	149	146
TCGA-AR-A0U2-01	-0.246717052432688	TCGA-AR-A0U2-01	0.233779438951853	637	149	146
TCGA-D8-A1X5-01	-0.30198366488206	TCGA-D8-A1X5-01	0.233779438951853	637	149	146
