feature_id	logFC	AveExpr	t	P.Value	adj.P.Val	B	pvalue	padj	stat	layer	significant	direction	comparison	reference	contrast	method	protein_label	protein_base	gene	feature_type	mapping_class	mapping_source	include_in_gene_level_concordance	protein_key
c-Abl-R-V	0.0347255868020077	0.00137768153257457	1.540576916956	0.12391587480275	0.16680983146524	-6.77816842545407	0.12391587480275	0.16680983146524	1.540576916956	RPPA	FALSE	not_significant	ER_positive_vs_ER_negative	ER_negative	ER_positive - ER_negative	limma_robust_on_rppa_matrix	c-Abl-R-V	c-Abl	ABL1	total	unique	curated_rppa_dict	TRUE	cabl
ACC1-R-C	0.348909147579331	0.0572368331352657	4.60527783970266	4.99787026541137e-06	1.70658984672583e-05	2.48328428378	4.99787026541137e-06	1.70658984672583e-05	4.60527783970266	RPPA	TRUE	ER_positive_up	ER_positive_vs_ER_negative	ER_negative	ER_positive - ER_negative	limma_robust_on_rppa_matrix	ACC1-R-C	ACC1	ACACA	total	unique	curated_rppa_dict	TRUE	acc1
ACVRL1-R-C	0.0491919019261946	0.0769061075380691	1.77998874546238	0.0755539309148845	0.112527131149828	-6.38224889310069	0.0755539309148845	0.112527131149828	1.77998874546238	RPPA	FALSE	not_significant	ER_positive_vs_ER_negative	ER_negative	ER_positive - ER_negative	limma_robust_on_rppa_matrix	ACVRL1-R-C	ACVRL1	ACVRL1	total	unique	curated_rppa_dict	TRUE	acvrl1
ADAR1-M-V	-0.13786957296985	-0.0468053422711931	-3.23549763646412	0.00127711397845528	0.00279368682787093	-2.76946219513438	0.00127711397845528	0.00279368682787093	-3.23549763646412	RPPA	FALSE	not_significant	ER_positive_vs_ER_negative	ER_negative	ER_positive - ER_negative	limma_robust_on_rppa_matrix	ADAR1-M-V	ADAR1	ADAR	total	unique	curated_rppa_dict	TRUE	adar1
Annexin-1-M-E	-0.261036712250523	0.142267608212323	-4.50430380035564	7.92013666979039e-06	2.57864914830385e-05	2.02682877177484	7.92013666979039e-06	2.57864914830385e-05	-4.50430380035564	RPPA	TRUE	ER_negative_up	ER_positive_vs_ER_negative	ER_negative	ER_positive - ER_negative	limma_robust_on_rppa_matrix	Annexin-1-M-E	Annexin-1	ANXA1	total	unique	curated_rppa_dict	TRUE	annexin1
Annexin_VII-M-V	0.175631512534674	0.0310988749148352	7.1636383519546	2.17571159514259e-12	1.69222012955535e-11	16.7236897583339	2.17571159514259e-12	1.69222012955535e-11	7.1636383519546	RPPA	FALSE	not_significant	ER_positive_vs_ER_negative	ER_negative	ER_positive - ER_negative	limma_robust_on_rppa_matrix	Annexin_VII-M-V	Annexin_VII	ANXA7	total	unique	curated_rppa_dict	TRUE	annexinvii
AR-R-V	1.00926708276736	0.0753888055545526	13.2363133780191	1.6489409651331e-35	7.69505783728782e-34	69.4510786745587	1.6489409651331e-35	7.69505783728782e-34	13.2363133780191	RPPA	TRUE	ER_positive_up	ER_positive_vs_ER_negative	ER_negative	ER_positive - ER_negative	limma_robust_on_rppa_matrix	AR-R-V	AR	AR	total	unique	curated_rppa_dict	TRUE	ar
A-Raf-R-V	0.109966318629969	-0.0106150931448195	3.74446379638466	0.000197131576183899	0.000497268840824251	-1.02602231750854	0.000197131576183899	0.000497268840824251	3.74446379638466	RPPA	FALSE	not_significant	ER_positive_vs_ER_negative	ER_negative	ER_positive - ER_negative	limma_robust_on_rppa_matrix	A-Raf-R-V	A-Raf	ARAF	total	unique	curated_rppa_dict	TRUE	araf
ASNS-R-V	-0.694579515488047	0.0941374703175039	-13.5223783614148	8.17002371725909e-37	4.57521328166509e-35	72.4395829971798	8.17002371725909e-37	4.57521328166509e-35	-13.5223783614148	RPPA	TRUE	ER_negative_up	ER_positive_vs_ER_negative	ER_negative	ER_positive - ER_negative	limma_robust_on_rppa_matrix	ASNS-R-V	ASNS	ASNS	total	unique	curated_rppa_dict	TRUE	asns
ATM-R-V	-0.107098799206974	-0.0193610275090267	-2.05983932200376	0.0398192171093702	0.0633487544921798	-5.84786535157749	0.0398192171093702	0.0633487544921798	-2.05983932200376	RPPA	FALSE	not_significant	ER_positive_vs_ER_negative	ER_negative	ER_positive - ER_negative	limma_robust_on_rppa_matrix	ATM-R-V	ATM	ATM	total	unique	curated_rppa_dict	TRUE	atm
Bak-R-E	-0.114843826251343	0.109732494568421	-2.14039853670796	0.0335931332826084	0.0546864960414555	-5.13658576078121	0.0335931332826084	0.0546864960414555	-2.14039853670796	RPPA	FALSE	not_significant	ER_positive_vs_ER_negative	ER_negative	ER_positive - ER_negative	limma_robust_on_rppa_matrix	Bak-R-E	Bak	BAK1	total	unique	curated_rppa_dict	TRUE	bak
Bap1-c-4-M-E	0.764607588083333	-0.1233963106875	2.11610637519556	0.0921562714343404	0.130983533003123	-4.01360875578918	0.0921562714343404	0.130983533003123	2.11610637519556	RPPA	FALSE	not_significant	ER_positive_vs_ER_negative	ER_negative	ER_positive - ER_negative	limma_robust_on_rppa_matrix	Bap1-c-4-M-E	Bap1-c-4	BAP1	total	unique	curated_rppa_dict	TRUE	bap1c4
Bax-R-V	0.0510154297000134	0.0608764656754317	1.70334355685323	0.088991064647188	0.12778204154468	-6.51515648814354	0.088991064647188	0.12778204154468	1.70334355685323	RPPA	FALSE	not_significant	ER_positive_vs_ER_negative	ER_negative	ER_positive - ER_negative	limma_robust_on_rppa_matrix	Bax-R-V	Bax	BAX	total	unique	curated_rppa_dict	TRUE	bax
Bcl-2-M-V	1.03370655291695	0.262505375820644	13.1449787032993	4.2716046931686e-35	1.70864187726744e-33	68.5045330579873	4.2716046931686e-35	1.70864187726744e-33	13.1449787032993	RPPA	TRUE	ER_positive_up	ER_positive_vs_ER_negative	ER_negative	ER_positive - ER_negative	limma_robust_on_rppa_matrix	Bcl-2-M-V	Bcl-2	BCL2	total	unique	curated_rppa_dict	TRUE	bcl2
Bcl2A1-R-V	0.0697608907303909	0.138445716919545	1.8878472601061	0.0595002586366472	0.0905438718383762	-6.18541061137038	0.0595002586366472	0.0905438718383762	1.8878472601061	RPPA	FALSE	not_significant	ER_positive_vs_ER_negative	ER_negative	ER_positive - ER_negative	limma_robust_on_rppa_matrix	Bcl2A1-R-V	Bcl2A1	BCL2A1	total	unique	curated_rppa_dict	TRUE	bcl2a1
Bcl-xL-R-C	0.0735556170653409	0.0135540261377171	3.22221882458925	0.00137521204330807	0.002961995170202	-2.60904057973611	0.00137521204330807	0.002961995170202	3.22221882458925	RPPA	FALSE	not_significant	ER_positive_vs_ER_negative	ER_negative	ER_positive - ER_negative	limma_robust_on_rppa_matrix	Bcl-xL-R-C	Bcl-xL	BCL2L1	total	unique	curated_rppa_dict	TRUE	bclxl
Bim-R-V	0.394862257922875	0.0676102597209576	8.14448221567406	2.00976061937192e-15	1.87577657808046e-14	23.5991554650542	2.00976061937192e-15	1.87577657808046e-14	8.14448221567406	RPPA	TRUE	ER_positive_up	ER_positive_vs_ER_negative	ER_negative	ER_positive - ER_negative	limma_robust_on_rppa_matrix	Bim-R-V	Bim	BCL2L11	total	unique	curated_rppa_dict	TRUE	bim
Beclin-G-V	-0.063788304874639	-0.114603784743156	-2.39015039111437	0.0171382550789963	0.0296216754451788	-5.10346382014162	0.0171382550789963	0.0296216754451788	-2.39015039111437	RPPA	FALSE	not_significant	ER_positive_vs_ER_negative	ER_negative	ER_positive - ER_negative	limma_robust_on_rppa_matrix	Beclin-G-V	Beclin	BECN1	total	unique	curated_rppa_dict	TRUE	beclin
Bid-R-C	0.000350737251164468	0.0472526172978808	0.0132381595001829	0.989441926188233	0.989441926188233	-7.96301263970235	0.989441926188233	0.989441926188233	0.0132381595001829	RPPA	FALSE	not_significant	ER_positive_vs_ER_negative	ER_negative	ER_positive - ER_negative	limma_robust_on_rppa_matrix	Bid-R-C	Bid	BID	total	unique	curated_rppa_dict	TRUE	bid
B-Raf-M-C	0.298380643224625	0.0681965187263158	3.37384186328139	0.000897882386977943	0.00202747635769213	-1.86748019520467	0.000897882386977943	0.00202747635769213	3.37384186328139	RPPA	TRUE	ER_positive_up	ER_positive_vs_ER_negative	ER_negative	ER_positive - ER_negative	limma_robust_on_rppa_matrix	B-Raf-M-C	B-Raf	BRAF	total	unique	curated_rppa_dict	TRUE	braf
BRCA2-R-C	-0.0720481278427185	-0.0440495526087127	-3.05972354360656	0.0023083973851214	0.00475258285172053	-3.31445572417727	0.0023083973851214	0.00475258285172053	-3.05972354360656	RPPA	FALSE	not_significant	ER_positive_vs_ER_negative	ER_negative	ER_positive - ER_negative	limma_robust_on_rppa_matrix	BRCA2-R-C	BRCA2	BRCA2	total	unique	curated_rppa_dict	TRUE	brca2
BRD4-R-V	-0.187261292503728	-0.0740090419925432	-3.68391975312064	0.000249174342727268	0.000612007157575747	-1.24620996896614	0.000249174342727268	0.000612007157575747	-3.68391975312064	RPPA	FALSE	not_significant	ER_positive_vs_ER_negative	ER_negative	ER_positive - ER_negative	limma_robust_on_rppa_matrix	BRD4-R-V	BRD4	BRD4	total	unique	curated_rppa_dict	TRUE	brd4
Caspase-3-R-C	-0.279066333864543	-0.146657699883438	-6.18555921532501	1.10612351508013e-09	5.9499261944987e-09	10.6218772984966	1.10612351508013e-09	5.9499261944987e-09	-6.18555921532501	RPPA	TRUE	ER_negative_up	ER_positive_vs_ER_negative	ER_negative	ER_positive - ER_negative	limma_robust_on_rppa_matrix	Caspase-3-R-C	Caspase-3	CASP3	total	unique	curated_rppa_dict	TRUE	caspase3
Caspase-8-M-E	0.0460010842726141	0.0343497818669545	1.90721575450252	0.0569417096003784	0.0876026301544284	-6.14885104923355	0.0569417096003784	0.0876026301544284	1.90721575450252	RPPA	FALSE	not_significant	ER_positive_vs_ER_negative	ER_negative	ER_positive - ER_negative	limma_robust_on_rppa_matrix	Caspase-8-M-E	Caspase-8	CASP8	total	unique	curated_rppa_dict	TRUE	caspase8
Caspase-9-R-E	0.29732981475	0.3768853128125	0.928389723470937	0.39887008993967	0.455851531359623	-5.12214057428209	0.39887008993967	0.455851531359623	0.928389723470937	RPPA	FALSE	not_significant	ER_positive_vs_ER_negative	ER_negative	ER_positive - ER_negative	limma_robust_on_rppa_matrix	Caspase-9-R-E	Caspase-9	CASP9	total	unique	curated_rppa_dict	TRUE	caspase9
Caveolin-1-R-V	0.890385112368558	0.166371747941523	8.1508357139111	1.91639569255189e-15	1.8503130824639e-14	23.6460524491185	1.91639569255189e-15	1.8503130824639e-14	8.1508357139111	RPPA	TRUE	ER_positive_up	ER_positive_vs_ER_negative	ER_negative	ER_positive - ER_negative	limma_robust_on_rppa_matrix	Caveolin-1-R-V	Caveolin-1	CAV1	total	unique	curated_rppa_dict	TRUE	caveolin1
Cyclin_B1-R-V	-0.804793942510139	0.0310901727994506	-9.69391073637427	8.04273350606237e-21	1.12598269084873e-19	35.8799945050965	8.04273350606237e-21	1.12598269084873e-19	-9.69391073637427	RPPA	TRUE	ER_negative_up	ER_positive_vs_ER_negative	ER_negative	ER_positive - ER_negative	limma_robust_on_rppa_matrix	Cyclin_B1-R-V	Cyclin_B1	CCNB1	total	unique	curated_rppa_dict	TRUE	cyclinb1
Cyclin_D1-R-V	0.322561710994392	0.0668306926589482	7.79370958192313	2.65445213289999e-14	2.25226241579393e-13	21.0564364466665	2.65445213289999e-14	2.25226241579393e-13	7.79370958192313	RPPA	TRUE	ER_positive_up	ER_positive_vs_ER_negative	ER_negative	ER_positive - ER_negative	limma_robust_on_rppa_matrix	Cyclin_D1-R-V	Cyclin_D1	CCND1	total	unique	curated_rppa_dict	TRUE	cyclind1
Cyclin_E1-M-V	-0.618464571714268	0.125622361731162	-14.7349845152264	1.65682740513412e-42	1.54637224479184e-40	85.4835813261858	1.65682740513412e-42	1.54637224479184e-40	-14.7349845152264	RPPA	TRUE	ER_negative_up	ER_positive_vs_ER_negative	ER_negative	ER_positive - ER_negative	limma_robust_on_rppa_matrix	Cyclin_E1-M-V	Cyclin_E1	CCNE1	total	unique	curated_rppa_dict	TRUE	cycline1
Cyclin_E2-R-C	-0.0252835218163631	0.0727002308284929	-0.999362073503377	0.317998409288367	0.374115775633373	-7.46394004797932	0.317998409288367	0.374115775633373	-0.999362073503377	RPPA	FALSE	not_significant	ER_positive_vs_ER_negative	ER_negative	ER_positive - ER_negative	limma_robust_on_rppa_matrix	Cyclin_E2-R-C	Cyclin_E2	CCNE2	total	unique	curated_rppa_dict	TRUE	cycline2
E-Cadherin-R-V	-0.0276634840585995	-0.227036185383438	-0.27510414651004	0.783325342207236	0.826703711073866	-7.92524705994063	0.783325342207236	0.826703711073866	-0.27510414651004	RPPA	FALSE	not_significant	ER_positive_vs_ER_negative	ER_negative	ER_positive - ER_negative	limma_robust_on_rppa_matrix	E-Cadherin-R-V	E-Cadherin	CDH1	total	unique	curated_rppa_dict	TRUE	ecadherin
N-Cadherin-R-V	-0.0291086321317228	0.0288874080757457	-1.01946600991959	0.308368416141284	0.364317116116285	-7.44367159110533	0.308368416141284	0.364317116116285	-1.01946600991959	RPPA	FALSE	not_significant	ER_positive_vs_ER_negative	ER_negative	ER_positive - ER_negative	limma_robust_on_rppa_matrix	N-Cadherin-R-V	N-Cadherin	CDH2	total	unique	curated_rppa_dict	TRUE	ncadherin
P-Cadherin-R-C	-0.376136336295797	0.0516563705992935	-11.1373228819977	1.89759175619212e-26	4.42771409778162e-25	48.7231587358885	1.89759175619212e-26	4.42771409778162e-25	-11.1373228819977	RPPA	TRUE	ER_negative_up	ER_positive_vs_ER_negative	ER_negative	ER_positive - ER_negative	limma_robust_on_rppa_matrix	P-Cadherin-R-C	P-Cadherin	CDH3	total	unique	curated_rppa_dict	TRUE	pcadherin
CDK1-R-V	-0.194324930684078	-0.0110867661927001	-6.93228098308	1.01689058507668e-11	6.62161311212723e-11	15.2105315774064	1.01689058507668e-11	6.62161311212723e-11	-6.93228098308	RPPA	FALSE	not_significant	ER_positive_vs_ER_negative	ER_negative	ER_positive - ER_negative	limma_robust_on_rppa_matrix	CDK1-R-V	CDK1	CDK1	total	unique	curated_rppa_dict	TRUE	cdk1
p21-R-C	0.0486579762406051	0.010574397557971	1.75035660404226	0.0805501102014937	0.117468910710512	-6.41920839849668	0.0805501102014937	0.117468910710512	1.75035660404226	RPPA	FALSE	not_significant	ER_positive_vs_ER_negative	ER_negative	ER_positive - ER_negative	limma_robust_on_rppa_matrix	p21-R-C	p21	CDKN1A	total	unique	curated_rppa_dict	TRUE	p21
p27-R-V	0.229590608166912	0.0376935378779435	6.06089193008123	2.31659383925739e-09	1.17935686362194e-08	9.90068585425057	2.31659383925739e-09	1.17935686362194e-08	6.06089193008123	RPPA	TRUE	ER_positive_up	ER_positive_vs_ER_negative	ER_negative	ER_positive - ER_negative	limma_robust_on_rppa_matrix	p27-R-V	p27	CDKN1B	total	unique	curated_rppa_dict	TRUE	p27
p16_INK4a-R-V	-0.628500991391513	0.171228087544348	-8.21691764691336	1.1664469337061e-15	1.20964867199151e-14	24.1355778059321	1.1664469337061e-15	1.20964867199151e-14	-8.21691764691336	RPPA	TRUE	ER_negative_up	ER_positive_vs_ER_negative	ER_negative	ER_positive - ER_negative	limma_robust_on_rppa_matrix	p16_INK4a-R-V	p16_INK4a	CDKN2A	total	unique	curated_rppa_dict	TRUE	p16ink4a
Chk1-R-V	-0.12204911260116	0.0317813440707196	-4.64073442500067	4.70033985270659e-06	1.64511894844731e-05	2.75889602910105	4.70033985270659e-06	1.64511894844731e-05	-4.64073442500067	RPPA	FALSE	not_significant	ER_positive_vs_ER_negative	ER_negative	ER_positive - ER_negative	limma_robust_on_rppa_matrix	Chk1-R-V	Chk1	CHEK1	total	unique	curated_rppa_dict	TRUE	chk1
Chk2-M-V	-0.292656010116972	0.0232206299532967	-7.07345418489019	3.98825168054451e-12	2.86336018090375e-11	16.1288041094041	3.98825168054451e-12	2.86336018090375e-11	-7.07345418489019	RPPA	TRUE	ER_negative_up	ER_positive_vs_ER_negative	ER_negative	ER_positive - ER_negative	limma_robust_on_rppa_matrix	Chk2-M-V	Chk2	CHEK2	total	unique	curated_rppa_dict	TRUE	chk2
Claudin-7-R-V	0.247493321695958	0.101569153130691	3.06900534929653	0.00223889096539303	0.00464362570600035	-3.28641554323958	0.00223889096539303	0.00464362570600035	3.06900534929653	RPPA	TRUE	ER_positive_up	ER_positive_vs_ER_negative	ER_negative	ER_positive - ER_negative	limma_robust_on_rppa_matrix	Claudin-7-R-V	Claudin-7	CLDN7	total	unique	curated_rppa_dict	TRUE	claudin7
COG3-R-V	0.136210034589727	-0.169395449774333	3.13971405736332	0.00176927312884167	0.00378165248912724	-3.07010071668161	0.00176927312884167	0.00378165248912724	3.13971405736332	RPPA	FALSE	not_significant	ER_positive_vs_ER_negative	ER_negative	ER_positive - ER_negative	limma_robust_on_rppa_matrix	COG3-R-V	COG3	COG3	total	unique	curated_rppa_dict	TRUE	cog3
JAB1-M-C	0.0457554810320506	0.0274894977641287	2.08832903432937	0.0371642853366247	0.0594628565385995	-5.78914950982082	0.0371642853366247	0.0594628565385995	2.08832903432937	RPPA	FALSE	not_significant	ER_positive_vs_ER_negative	ER_negative	ER_positive - ER_negative	limma_robust_on_rppa_matrix	JAB1-M-C	JAB1	COPS5	total	unique	curated_rppa_dict	TRUE	jab1
alpha-Catenin-M-V	0.103369599416667	0.0759660083125	0.340000788410222	0.748681484610759	0.794056120041714	-5.46323030715854	0.748681484610759	0.794056120041714	0.340000788410222	RPPA	FALSE	not_significant	ER_positive_vs_ER_negative	ER_negative	ER_positive - ER_negative	limma_robust_on_rppa_matrix	alpha-Catenin-M-V	alpha-Catenin	CTNNA1	total	unique	curated_rppa_dict	TRUE	alphacatenin
beta-Catenin-R-V	-0.0985296949327332	0.00629197847684459	-1.47131962628161	0.141698018490001	0.187148326307548	-6.88213543965255	0.141698018490001	0.187148326307548	-1.47131962628161	RPPA	FALSE	not_significant	ER_positive_vs_ER_negative	ER_negative	ER_positive - ER_negative	limma_robust_on_rppa_matrix	beta-Catenin-R-V	beta-Catenin	CTNNB1	total	unique	curated_rppa_dict	TRUE	betacatenin
Smac-M-E	0.193454888808439	0.0744435391927002	4.83289367980034	1.68769195221455e-06	6.38586144081179e-06	3.51062346822118	1.68769195221455e-06	6.38586144081179e-06	4.83289367980034	RPPA	FALSE	not_significant	ER_positive_vs_ER_negative	ER_negative	ER_positive - ER_negative	limma_robust_on_rppa_matrix	Smac-M-E	Smac	DIABLO	total	unique	curated_rppa_dict	TRUE	smac
DIRAS3-M-E	0.131313050861799	0.0871362786204866	4.24964687066634	2.46085945163146e-05	7.48957224409576e-05	0.944367763988512	2.46085945163146e-05	7.48957224409576e-05	4.24964687066634	RPPA	FALSE	not_significant	ER_positive_vs_ER_negative	ER_negative	ER_positive - ER_negative	limma_robust_on_rppa_matrix	DIRAS3-M-E	DIRAS3	DIRAS3	total	unique	curated_rppa_dict	TRUE	diras3
CD26-R-V	0.0857049918074556	-0.0154214239289638	3.46253331189873	0.000570906542931311	0.0013211060497584	-2.02200612067162	0.000570906542931311	0.0013211060497584	3.46253331189873	RPPA	FALSE	not_significant	ER_positive_vs_ER_negative	ER_negative	ER_positive - ER_negative	limma_robust_on_rppa_matrix	CD26-R-V	CD26	DPP4	total	unique	curated_rppa_dict	TRUE	cd26
DUSP4-R-V	0.0188674728004952	-0.0622692499925431	0.256214810388096	0.797867609875034	0.836715096498163	-7.93026653592962	0.797867609875034	0.836715096498163	0.256214810388096	RPPA	FALSE	not_significant	ER_positive_vs_ER_negative	ER_negative	ER_positive - ER_negative	limma_robust_on_rppa_matrix	DUSP4-R-V	DUSP4	DUSP4	total	unique	curated_rppa_dict	TRUE	dusp4
Dvl3-R-V	-0.0841774037069535	-0.0397905143426216	-2.89604540715952	0.00390842957817401	0.00759972417978279	-3.79535411661933	0.00390842957817401	0.00759972417978279	-2.89604540715952	RPPA	FALSE	not_significant	ER_positive_vs_ER_negative	ER_negative	ER_positive - ER_negative	limma_robust_on_rppa_matrix	Dvl3-R-V	Dvl3	DVL3	total	unique	curated_rppa_dict	TRUE	dvl3
eEF2-R-V	-0.153397862657887	-0.0181537852624799	-6.65386847512223	6.27048797184125e-11	3.81681876546859e-10	13.4435760185157	6.27048797184125e-11	3.81681876546859e-10	-6.65386847512223	RPPA	FALSE	not_significant	ER_positive_vs_ER_negative	ER_negative	ER_positive - ER_negative	limma_robust_on_rppa_matrix	eEF2-R-V	eEF2	EEF2	total	unique	curated_rppa_dict	TRUE	eef2
eEF2K-R-V	0.279759495892906	-0.0136545493685243	6.52985120098851	1.34522577285686e-10	7.84715034166504e-10	12.6808429364204	1.34522577285686e-10	7.84715034166504e-10	6.52985120098851	RPPA	TRUE	ER_positive_up	ER_positive_vs_ER_negative	ER_negative	ER_positive - ER_negative	limma_robust_on_rppa_matrix	eEF2K-R-V	eEF2K	EEF2K	total	unique	curated_rppa_dict	TRUE	eef2k
EGFR-R-V	-0.368510548392968	0.1155260706948	-9.82261385121523	2.82901940473786e-21	4.33971548446535e-20	36.9268837796089	2.82901940473786e-21	4.33971548446535e-20	-9.82261385121523	RPPA	TRUE	ER_negative_up	ER_positive_vs_ER_negative	ER_negative	ER_positive - ER_negative	limma_robust_on_rppa_matrix	EGFR-R-V	EGFR	EGFR	total	unique	curated_rppa_dict	TRUE	egfr
eIF4E-R-V	0.0113394509505421	0.0422429063661696	0.478333725545991	0.632576651445876	0.68123639386479	-7.84867591822481	0.632576651445876	0.68123639386479	0.478333725545991	RPPA	FALSE	not_significant	ER_positive_vs_ER_negative	ER_negative	ER_positive - ER_negative	limma_robust_on_rppa_matrix	eIF4E-R-V	eIF4E	EIF4E	total	unique	curated_rppa_dict	TRUE	eif4e
4E-BP1-R-V	-0.195977382396359	0.105544483844192	-3.8135574434811	0.000150287568355816	0.000408548729510955	-0.770546855344448	0.000150287568355816	0.000408548729510955	-3.8135574434811	RPPA	FALSE	not_significant	ER_positive_vs_ER_negative	ER_negative	ER_positive - ER_negative	limma_robust_on_rppa_matrix	4E-BP1-R-V	4E-BP1	EIF4EBP1	total	unique	curated_rppa_dict	TRUE	4ebp1
eIF4G-R-C	-0.31779436383782	-0.0134857741754317	-5.04580544127729	5.89741684390032e-07	2.46459211386879e-06	4.52383588156028	5.89741684390032e-07	2.46459211386879e-06	-5.04580544127729	RPPA	TRUE	ER_negative_up	ER_positive_vs_ER_negative	ER_negative	ER_positive - ER_negative	limma_robust_on_rppa_matrix	eIF4G-R-C	eIF4G	EIF4G1	total	unique	curated_rppa_dict	TRUE	eif4g
ENY2-M-V	-0.19257911195263	-0.0658081139556515	-4.21064006823034	2.91293094865505e-05	8.67681559173846e-05	0.78381208763595	2.91293094865505e-05	8.67681559173846e-05	-4.21064006823034	RPPA	FALSE	not_significant	ER_positive_vs_ER_negative	ER_negative	ER_positive - ER_negative	limma_robust_on_rppa_matrix	ENY2-M-V	ENY2	ENY2	total	unique	curated_rppa_dict	TRUE	eny2
EPPK1-M-E	0.79975385475	-0.8237728386875	1.48224179100285	0.202689488134049	0.257968439443335	-4.63036352150441	0.202689488134049	0.257968439443335	1.48224179100285	RPPA	FALSE	not_significant	ER_positive_vs_ER_negative	ER_negative	ER_positive - ER_negative	limma_robust_on_rppa_matrix	EPPK1-M-E	EPPK1	EPPK1	total	unique	curated_rppa_dict	TRUE	eppk1
HER2-M-V	0.0700713170926381	0.155147891289246	0.764240717590975	0.445006513170391	0.494451681300435	-7.67109156223615	0.445006513170391	0.494451681300435	0.764240717590975	RPPA	FALSE	not_significant	ER_positive_vs_ER_negative	ER_negative	ER_positive - ER_negative	limma_robust_on_rppa_matrix	HER2-M-V	HER2	ERBB2	total	unique	curated_rppa_dict	TRUE	her2
HER3-R-V	0.432479671981505	0.08249573849	7.13960088694851	5.42855819074147e-12	3.79999073351903e-11	16.1221979240305	5.42855819074147e-12	3.79999073351903e-11	7.13960088694851	RPPA	TRUE	ER_positive_up	ER_positive_vs_ER_negative	ER_negative	ER_positive - ER_negative	limma_robust_on_rppa_matrix	HER3-R-V	HER3	ERBB3	total	unique	curated_rppa_dict	TRUE	her3
ERCC1-M-V	-0.0235420063183313	-0.0493026705852	-1.22975746821988	0.219250175252297	0.277783027468974	-7.19565716931803	0.219250175252297	0.277783027468974	-1.22975746821988	RPPA	FALSE	not_significant	ER_positive_vs_ER_negative	ER_negative	ER_positive - ER_negative	limma_robust_on_rppa_matrix	ERCC1-M-V	ERCC1	ERCC1	total	unique	curated_rppa_dict	TRUE	ercc1
ERCC5-R-C	0.0497583866030518	-0.0519630768222135	1.84756641387484	0.0651280736281262	0.0980422613756738	-6.26026191426497	0.0651280736281262	0.0980422613756738	1.84756641387484	RPPA	FALSE	not_significant	ER_positive_vs_ER_negative	ER_negative	ER_positive - ER_negative	limma_robust_on_rppa_matrix	ERCC5-R-C	ERCC5	ERCC5	total	unique	curated_rppa_dict	TRUE	ercc5
MIG-6-M-V	-0.0798089388206799	0.0546337113583203	-3.91927641532236	9.84210663117125e-05	0.000275578985672795	-0.371018083871578	9.84210663117125e-05	0.000275578985672795	-3.91927641532236	RPPA	FALSE	not_significant	ER_positive_vs_ER_negative	ER_negative	ER_positive - ER_negative	limma_robust_on_rppa_matrix	MIG-6-M-V	MIG-6	ERRFI1	total	unique	curated_rppa_dict	TRUE	mig6
ER-alpha-R-V	4.08979106715836	-0.06561210680573	28.3166514143347	7.62065477732425e-115	2.13378333765079e-112	251.570250296388	7.62065477732425e-115	2.13378333765079e-112	28.3166514143347	RPPA	TRUE	ER_positive_up	ER_positive_vs_ER_negative	ER_negative	ER_positive - ER_negative	limma_robust_on_rppa_matrix	ER-alpha-R-V	ER-alpha	ESR1	total	unique	curated_rppa_dict	TRUE	eralpha
ETS-1-R-V	-0.0404182965676483	0.103732906281397	-1.38573540475294	0.166312170433528	0.215589850561981	-7.00405020428266	0.166312170433528	0.215589850561981	-1.38573540475294	RPPA	FALSE	not_significant	ER_positive_vs_ER_negative	ER_negative	ER_positive - ER_negative	limma_robust_on_rppa_matrix	ETS-1-R-V	ETS-1	ETS1	total	unique	curated_rppa_dict	TRUE	ets1
FASN-R-V	0.752042158936843	0.130619595939953	6.95656631610328	8.66615618837439e-12	5.77743745891626e-11	15.3673665642912	8.66615618837439e-12	5.77743745891626e-11	6.95656631610328	RPPA	TRUE	ER_positive_up	ER_positive_vs_ER_negative	ER_negative	ER_positive - ER_negative	limma_robust_on_rppa_matrix	FASN-R-V	FASN	FASN	total	unique	curated_rppa_dict	TRUE	fasn
Fibronectin-R-V	0.0946443789025432	0.048526370330063	1.10258478700751	0.270623485354686	0.33387871455704	-7.35560294543027	0.270623485354686	0.33387871455704	1.10258478700751	RPPA	FALSE	not_significant	ER_positive_vs_ER_negative	ER_negative	ER_positive - ER_negative	limma_robust_on_rppa_matrix	Fibronectin-R-V	Fibronectin	FN1	total	unique	curated_rppa_dict	TRUE	fibronectin
FoxM1-R-V	-0.649977314531288	0.121540512399922	-12.695019615595	4.39799440984968e-33	1.53929804344739e-31	63.8970909248281	4.39799440984968e-33	1.53929804344739e-31	-12.695019615595	RPPA	TRUE	ER_negative_up	ER_positive_vs_ER_negative	ER_negative	ER_positive - ER_negative	limma_robust_on_rppa_matrix	FoxM1-R-V	FoxM1	FOXM1	total	unique	curated_rppa_dict	TRUE	foxm1
FOXO3a-R-C	-0.0481098168894793	0.0391418104375981	-2.00462770544616	0.0454251676626231	0.0710561281873434	-5.95938745762132	0.0454251676626231	0.0710561281873434	-2.00462770544616	RPPA	FALSE	not_significant	ER_positive_vs_ER_negative	ER_negative	ER_positive - ER_negative	limma_robust_on_rppa_matrix	FOXO3a-R-C	FOXO3a	FOXO3	total	unique	curated_rppa_dict	TRUE	foxo3a
G6PD-M-V	-0.115380474446366	0.0480244293143642	-2.65761847438765	0.00806670415948635	0.0150578477643745	-4.44973945392312	0.00806670415948635	0.0150578477643745	-2.65761847438765	RPPA	FALSE	not_significant	ER_positive_vs_ER_negative	ER_negative	ER_positive - ER_negative	limma_robust_on_rppa_matrix	G6PD-M-V	G6PD	G6PD	total	unique	curated_rppa_dict	TRUE	g6pd
GAB2-R-V	-0.122145576925064	0.146835391826138	-1.98298398591025	0.0477978505552126	0.0743522119747752	-6.00228939629566	0.0477978505552126	0.0743522119747752	-1.98298398591025	RPPA	FALSE	not_significant	ER_positive_vs_ER_negative	ER_negative	ER_positive - ER_negative	limma_robust_on_rppa_matrix	GAB2-R-V	GAB2	GAB2	total	unique	curated_rppa_dict	TRUE	gab2
GAPDH-M-C	-0.410103732245704	0.172996944487049	-4.97553411123933	8.37988286104652e-07	3.40053217549714e-06	4.18495621564666	8.37988286104652e-07	3.40053217549714e-06	-4.97553411123933	RPPA	TRUE	ER_negative_up	ER_positive_vs_ER_negative	ER_negative	ER_positive - ER_negative	limma_robust_on_rppa_matrix	GAPDH-M-C	GAPDH	GAPDH	total	unique	curated_rppa_dict	TRUE	gapdh
GATA3-M-V	1.832407267621	0.0520705711032182	21.8387838058402	2.28256621644775e-79	3.19559270302685e-77	170.078838311815	2.28256621644775e-79	3.19559270302685e-77	21.8387838058402	RPPA	TRUE	ER_positive_up	ER_positive_vs_ER_negative	ER_negative	ER_positive - ER_negative	limma_robust_on_rppa_matrix	GATA3-M-V	GATA3	GATA3	total	unique	curated_rppa_dict	TRUE	gata3
GATA6-R-E	-0.226616693198929	-0.0961924669352433	-5.39368854079796	9.73723189665377e-08	4.13094686524705e-07	6.26578434553986	9.73723189665377e-08	4.13094686524705e-07	-5.39368854079796	RPPA	TRUE	ER_negative_up	ER_positive_vs_ER_negative	ER_negative	ER_positive - ER_negative	limma_robust_on_rppa_matrix	GATA6-R-E	GATA6	GATA6	total	unique	curated_rppa_dict	TRUE	gata6
IGFBP2-R-V	0.858317399774006	0.265948546355181	9.87905722487644	1.63786245908678e-21	2.86625930340187e-20	37.4556136969254	1.63786245908678e-21	2.86625930340187e-20	9.87905722487644	RPPA	TRUE	ER_positive_up	ER_positive_vs_ER_negative	ER_negative	ER_positive - ER_negative	limma_robust_on_rppa_matrix	IGFBP2-R-V	IGFBP2	IGFBP2	total	unique	curated_rppa_dict	TRUE	igfbp2
INPP4B-G-C	1.02645739737976	0.0864997423993559	13.852981241579	3.15738817743006e-38	2.21017172420104e-36	75.6921825137031	3.15738817743006e-38	2.21017172420104e-36	13.852981241579	RPPA	TRUE	ER_positive_up	ER_positive_vs_ER_negative	ER_negative	ER_positive - ER_negative	limma_robust_on_rppa_matrix	INPP4B-G-C	INPP4B	INPP4B	total	unique	curated_rppa_dict	TRUE	inpp4b
IRF-1-R-C	-0.00321004233389096	-0.0254177467900314	-0.146933144515575	0.883231233432289	0.902572063361464	-7.95230171500709	0.883231233432289	0.902572063361464	-0.146933144515575	RPPA	FALSE	not_significant	ER_positive_vs_ER_negative	ER_negative	ER_positive - ER_negative	limma_robust_on_rppa_matrix	IRF-1-R-C	IRF-1	IRF1	total	unique	curated_rppa_dict	TRUE	irf1
IRS1-R-V	0.206658605710815	0.0443336387452904	6.78877561574248	2.59157509556995e-11	1.6125356150213e-10	14.2934237242322	2.59157509556995e-11	1.6125356150213e-10	6.78877561574248	RPPA	TRUE	ER_positive_up	ER_positive_vs_ER_negative	ER_negative	ER_positive - ER_negative	limma_robust_on_rppa_matrix	IRS1-R-V	IRS1	IRS1	total	unique	curated_rppa_dict	TRUE	irs1
CD49b-M-V	0.0374584135289453	-0.0130104257994505	1.09775804600897	0.272724510044309	0.33387871455704	-7.36090512375237	0.272724510044309	0.33387871455704	1.09775804600897	RPPA	FALSE	not_significant	ER_positive_vs_ER_negative	ER_negative	ER_positive - ER_negative	limma_robust_on_rppa_matrix	CD49b-M-V	CD49b	ITGA2	total	unique	curated_rppa_dict	TRUE	cd49b
Jak2-R-V	-0.126372032124153	-0.026425791383438	-3.76557493773312	0.00018152950141233	0.000466314315554609	-0.948437251725996	0.00018152950141233	0.000466314315554609	-3.76557493773312	RPPA	FALSE	not_significant	ER_positive_vs_ER_negative	ER_negative	ER_positive - ER_negative	limma_robust_on_rppa_matrix	Jak2-R-V	Jak2	JAK2	total	unique	curated_rppa_dict	TRUE	jak2
GCN5L2-R-V	-0.0947318402175746	-0.0864141576526688	-2.13351959477662	0.0332631700156237	0.0544660093823078	-5.69438262256492	0.0332631700156237	0.0544660093823078	-2.13351959477662	RPPA	FALSE	not_significant	ER_positive_vs_ER_negative	ER_negative	ER_positive - ER_negative	limma_robust_on_rppa_matrix	GCN5L2-R-V	GCN5L2	KAT2A	total	unique	curated_rppa_dict	TRUE	gcn5l2
VEGFR2-R-C	0.42336131212379	0.0075378869154589	6.97395559298153	7.90229222342097e-12	5.39668737209237e-11	15.4735650778748	7.90229222342097e-12	5.39668737209237e-11	6.97395559298153	RPPA	TRUE	ER_positive_up	ER_positive_vs_ER_negative	ER_negative	ER_positive - ER_negative	limma_robust_on_rppa_matrix	VEGFR2-R-C	VEGFR2	KDR	total	unique	curated_rppa_dict	TRUE	vegfr2
c-Kit-R-V	-0.456592298781395	0.231816747375589	-5.43650885203708	7.74602111504422e-08	3.33674755724982e-07	6.4875378896886	7.74602111504422e-08	3.33674755724982e-07	-5.43650885203708	RPPA	TRUE	ER_negative_up	ER_positive_vs_ER_negative	ER_negative	ER_positive - ER_negative	limma_robust_on_rppa_matrix	c-Kit-R-V	c-Kit	KIT	total	unique	curated_rppa_dict	TRUE	ckit
Lck-R-V	-0.28470155462594	0.132920017947802	-6.18254551108148	1.12623602967297e-09	5.9499261944987e-09	10.6042894784374	1.12623602967297e-09	5.9499261944987e-09	-6.18254551108148	RPPA	TRUE	ER_negative_up	ER_positive_vs_ER_negative	ER_negative	ER_positive - ER_negative	limma_robust_on_rppa_matrix	Lck-R-V	Lck	LCK	total	unique	curated_rppa_dict	TRUE	lck
MEK1-R-V	0.0756140477346607	0.113789776109498	2.1740867960086	0.03006569470593	0.0498129853116001	-5.60760783851824	0.03006569470593	0.0498129853116001	2.1740867960086	RPPA	FALSE	not_significant	ER_positive_vs_ER_negative	ER_negative	ER_positive - ER_negative	limma_robust_on_rppa_matrix	MEK1-R-V	MEK1	MAP2K1	total	unique	curated_rppa_dict	TRUE	mek1
ERK2-R-E	0.046616451871202	0.0202706348237834	1.09721742247478	0.272960531942146	0.33387871455704	-7.36149755590082	0.272960531942146	0.33387871455704	1.09721742247478	RPPA	FALSE	not_significant	ER_positive_vs_ER_negative	ER_negative	ER_positive - ER_negative	limma_robust_on_rppa_matrix	ERK2-R-E	ERK2	MAPK1	total	unique	curated_rppa_dict	TRUE	erk2
JNK2-R-C	0.335202468227647	0.0500003741267661	10.6378257235839	1.93261563178824e-24	4.16255674539006e-23	44.1369274188428	1.93261563178824e-24	4.16255674539006e-23	10.6378257235839	RPPA	TRUE	ER_positive_up	ER_positive_vs_ER_negative	ER_negative	ER_positive - ER_negative	limma_robust_on_rppa_matrix	JNK2-R-C	JNK2	MAPK9	total	unique	curated_rppa_dict	TRUE	jnk2
c-Met-M-E	0.0368455756437559	0.0359699107680534	1.59914158769282	0.110284493338083	0.150373335489389	-6.68654993697257	0.110284493338083	0.150373335489389	1.59914158769282	RPPA	FALSE	not_significant	ER_positive_vs_ER_negative	ER_negative	ER_positive - ER_negative	limma_robust_on_rppa_matrix	c-Met-M-E	c-Met	MET	total	unique	curated_rppa_dict	TRUE	cmet
Mre11-R-C	-0.111424127736287	-0.0854182881440345	-3.71724623265178	0.00021911426400815	0.000542937999312229	-1.1254328754968	0.00021911426400815	0.000542937999312229	-3.71724623265178	RPPA	FALSE	not_significant	ER_positive_vs_ER_negative	ER_negative	ER_positive - ER_negative	limma_robust_on_rppa_matrix	Mre11-R-C	Mre11	MRE11	total	unique	curated_rppa_dict	TRUE	mre11
CD20-R-C	0.0267591460105207	0.0389003289109105	1.05566277638274	0.291522113239176	0.347967831873094	-7.40616430045378	0.291522113239176	0.347967831873094	1.05566277638274	RPPA	FALSE	not_significant	ER_positive_vs_ER_negative	ER_negative	ER_positive - ER_negative	limma_robust_on_rppa_matrix	CD20-R-C	CD20	MS4A1	total	unique	curated_rppa_dict	TRUE	cd20
MSH2-M-V	-0.320101456537091	0.0186905542828	-7.98210090596114	6.90046410830423e-15	6.0379060947662e-14	22.3957135211842	6.90046410830423e-15	6.0379060947662e-14	-7.98210090596114	RPPA	TRUE	ER_negative_up	ER_positive_vs_ER_negative	ER_negative	ER_positive - ER_negative	limma_robust_on_rppa_matrix	MSH2-M-V	MSH2	MSH2	total	unique	curated_rppa_dict	TRUE	msh2
MSH6-R-C	-0.584781675184533	0.0797336744076	-10.4172649398271	1.52938036788883e-23	3.05876073577766e-22	42.0986391407453	1.52938036788883e-23	3.05876073577766e-22	-10.4172649398271	RPPA	TRUE	ER_negative_up	ER_positive_vs_ER_negative	ER_negative	ER_positive - ER_negative	limma_robust_on_rppa_matrix	MSH6-R-C	MSH6	MSH6	total	unique	curated_rppa_dict	TRUE	msh6
mTOR-R-V	0.116019524359169	0.0151888219164051	2.46304919780703	0.0140392187906453	0.0250915030265605	-4.94300621449518	0.0140392187906453	0.0250915030265605	2.46304919780703	RPPA	FALSE	not_significant	ER_positive_vs_ER_negative	ER_negative	ER_positive - ER_negative	limma_robust_on_rppa_matrix	mTOR-R-V	mTOR	MTOR	total	unique	curated_rppa_dict	TRUE	mtor
c-Myc-R-C	-0.119445718551881	-0.00243543952629512	-3.4697541484186	0.000556055850008139	0.00129746365001899	-1.99743175445343	0.000556055850008139	0.00129746365001899	-3.4697541484186	RPPA	FALSE	not_significant	ER_positive_vs_ER_negative	ER_negative	ER_positive - ER_negative	limma_robust_on_rppa_matrix	c-Myc-R-C	c-Myc	MYC	total	unique	curated_rppa_dict	TRUE	cmyc
MYH11-R-V	0.70496792542934	0.369835336230377	4.28658731457343	2.09503083784045e-05	6.51787371772585e-05	1.09770748697219	2.09503083784045e-05	6.51787371772585e-05	4.28658731457343	RPPA	TRUE	ER_positive_up	ER_positive_vs_ER_negative	ER_negative	ER_positive - ER_negative	limma_robust_on_rppa_matrix	MYH11-R-V	MYH11	MYH11	total	unique	curated_rppa_dict	TRUE	myh11
Myosin-IIa-R-C	-0.143114534247162	-0.100371247074176	-4.12482358201034	4.2017553915779e-05	0.000123841211541243	0.435516822925254	4.2017553915779e-05	0.000123841211541243	-4.12482358201034	RPPA	FALSE	not_significant	ER_positive_vs_ER_negative	ER_negative	ER_positive - ER_negative	limma_robust_on_rppa_matrix	Myosin-IIa-R-C	Myosin-IIa	MYH9	total	unique	curated_rppa_dict	TRUE	myosiniia
NF2-R-C	-0.0443023629250234	0.0384720995160911	-1.59758032621492	0.110631811110051	0.150373335489389	-6.68903636819885	0.110631811110051	0.150373335489389	-1.59758032621492	RPPA	FALSE	not_significant	ER_positive_vs_ER_negative	ER_negative	ER_positive - ER_negative	limma_robust_on_rppa_matrix	NF2-R-C	NF2	NF2	total	unique	curated_rppa_dict	TRUE	nf2
TTF1-R-V	-0.25202124025	1.2791355965625	-0.667273550585957	0.536291283812157	0.586568591669546	-5.30536663723055	0.536291283812157	0.586568591669546	-0.667273550585957	RPPA	FALSE	not_significant	ER_positive_vs_ER_negative	ER_negative	ER_positive - ER_negative	limma_robust_on_rppa_matrix	TTF1-R-V	TTF1	NKX2-1	total	unique	curated_rppa_dict	TRUE	ttf1
Notch1-R-V	-0.194083575073424	0.0773827038253532	-8.17317087211419	1.62091293751764e-15	1.62091293751764e-14	23.811149916982	1.62091293751764e-15	1.62091293751764e-14	-8.17317087211419	RPPA	FALSE	not_significant	ER_positive_vs_ER_negative	ER_negative	ER_positive - ER_negative	limma_robust_on_rppa_matrix	Notch1-R-V	Notch1	NOTCH1	total	unique	curated_rppa_dict	TRUE	notch1
N-Ras-M-V	0.00716910901669787	0.0343516145553375	0.340789470191002	0.733374329376834	0.780778753709177	-7.90501485526665	0.733374329376834	0.780778753709177	0.340789470191002	RPPA	FALSE	not_significant	ER_positive_vs_ER_negative	ER_negative	ER_positive - ER_negative	limma_robust_on_rppa_matrix	N-Ras-M-V	N-Ras	NRAS	total	unique	curated_rppa_dict	TRUE	nras
DJ-1-R-V	0.329139237209242	0.106234288175432	8.95308087692424	3.75375669999099e-18	4.56979076520642e-17	29.8011710053252	3.75375669999099e-18	4.56979076520642e-17	8.95308087692424	RPPA	TRUE	ER_positive_up	ER_positive_vs_ER_negative	ER_negative	ER_positive - ER_negative	limma_robust_on_rppa_matrix	DJ-1-R-V	DJ-1	PARK7	total	unique	curated_rppa_dict	TRUE	dj1
PARP1-R-V	-0.608711099758445	-0.172617422259828	-6.41104224982599	4.00315499498308e-10	2.1978105854809e-09	11.8467606744168	4.00315499498308e-10	2.1978105854809e-09	-6.41104224982599	RPPA	TRUE	ER_negative_up	ER_positive_vs_ER_negative	ER_negative	ER_positive - ER_negative	limma_robust_on_rppa_matrix	PARP1-R-V	PARP1	PARP1	total	unique	curated_rppa_dict	TRUE	parp1
PCNA-M-C	-0.0630659371470872	-0.0257130096315789	-1.47678673179837	0.14138272600325	0.187148326307548	-6.31768973447287	0.14138272600325	0.187148326307548	-1.47678673179837	RPPA	FALSE	not_significant	ER_positive_vs_ER_negative	ER_negative	ER_positive - ER_negative	limma_robust_on_rppa_matrix	PCNA-M-C	PCNA	PCNA	total	unique	curated_rppa_dict	TRUE	pcna
PDCD4-R-C	-0.29138392672333	-0.107926571979199	-2.90244799317347	0.00383045501158201	0.00755300988199269	-3.77702629880574	0.00383045501158201	0.00755300988199269	-2.90244799317347	RPPA	TRUE	ER_negative_up	ER_positive_vs_ER_negative	ER_negative	ER_positive - ER_negative	limma_robust_on_rppa_matrix	PDCD4-R-C	PDCD4	PDCD4	total	unique	curated_rppa_dict	TRUE	pdcd4
PDK1-R-V	0.232370748855167	-0.00268275371232339	10.1093648143679	2.19570828992295e-22	4.09865547452284e-21	39.44598447352	2.19570828992295e-22	4.09865547452284e-21	10.1093648143679	RPPA	TRUE	ER_positive_up	ER_positive_vs_ER_negative	ER_negative	ER_positive - ER_negative	limma_robust_on_rppa_matrix	PDK1-R-V	PDK1	PDPK1	total	unique	curated_rppa_dict	TRUE	pdk1
PEA15-R-V	0.130605636192772	0.0465794116997645	4.988772127568	7.84576417034537e-07	3.23060877602456e-06	4.24845995259584	7.84576417034537e-07	3.23060877602456e-06	4.988772127568	RPPA	FALSE	not_significant	ER_positive_vs_ER_negative	ER_negative	ER_positive - ER_negative	limma_robust_on_rppa_matrix	PEA15-R-V	PEA15	PEA15	total	unique	curated_rppa_dict	TRUE	pea15
CD31-M-V	-0.189805009598775	-0.160403511896782	-4.21531093815612	2.8548950548887e-05	8.59538296095521e-05	0.802964051827519	2.8548950548887e-05	8.59538296095521e-05	-4.21531093815612	RPPA	FALSE	not_significant	ER_positive_vs_ER_negative	ER_negative	ER_positive - ER_negative	limma_robust_on_rppa_matrix	CD31-M-V	CD31	PECAM1	total	unique	curated_rppa_dict	TRUE	cd31
PR-R-V	2.08684621499903	0.840080618923469	12.3719142963611	1.15655382664069e-31	3.59816746065993e-30	60.6477119367492	1.15655382664069e-31	3.59816746065993e-30	12.3719142963611	RPPA	TRUE	ER_positive_up	ER_positive_vs_ER_negative	ER_negative	ER_positive - ER_negative	limma_robust_on_rppa_matrix	PR-R-V	PR	PGR	total	unique	curated_rppa_dict	TRUE	pr
PI3K-p110-alpha-R-C	0.0560566963722326	-0.00226616720211921	2.4048264167097	0.0164641514721022	0.0286333069080038	-5.08346387687147	0.0164641514721022	0.0286333069080038	2.4048264167097	RPPA	FALSE	not_significant	ER_positive_vs_ER_negative	ER_negative	ER_positive - ER_negative	limma_robust_on_rppa_matrix	PI3K-p110-alpha-R-C	PI3K-p110-alpha	PIK3CA	total	unique	curated_rppa_dict	TRUE	pi3kp110alpha
PI3K-p85-R-V	0.0984555954333222	0.0512783117916013	3.05138326232806	0.00237253731279582	0.00484898136921773	-3.33958122582884	0.00237253731279582	0.00484898136921773	3.05138326232806	RPPA	FALSE	not_significant	ER_positive_vs_ER_negative	ER_negative	ER_positive - ER_negative	limma_robust_on_rppa_matrix	PI3K-p85-R-V	PI3K-p85	PIK3R1	total	unique	curated_rppa_dict	TRUE	pi3kp85
PRDX1-R-V	-0.760980948916667	0.1427645060625	-2.05339518547341	0.0995116483076199	0.138623191672306	-4.07397507115533	0.0995116483076199	0.138623191672306	-2.05339518547341	RPPA	FALSE	not_significant	ER_positive_vs_ER_negative	ER_negative	ER_positive - ER_negative	limma_robust_on_rppa_matrix	PRDX1-R-V	PRDX1	PRDX1	total	unique	curated_rppa_dict	TRUE	prdx1
PREX1-R-E	0.898135872799324	0.19573328114011	12.2277071169614	4.89569895042816e-31	1.37079570611988e-29	59.2139868154657	4.89569895042816e-31	1.37079570611988e-29	12.2277071169614	RPPA	TRUE	ER_positive_up	ER_positive_vs_ER_negative	ER_negative	ER_positive - ER_negative	limma_robust_on_rppa_matrix	PREX1-R-E	PREX1	PREX1	total	unique	curated_rppa_dict	TRUE	prex1
PKC-alpha-M-V	-0.077685933803353	0.0310068354297488	-2.88290671242979	0.00407298354851389	0.00786507167988889	-3.83284101727288	0.00407298354851389	0.00786507167988889	-2.88290671242979	RPPA	FALSE	not_significant	ER_positive_vs_ER_negative	ER_negative	ER_positive - ER_negative	limma_robust_on_rppa_matrix	PKC-alpha-M-V	PKC-alpha	PRKCA	total	unique	curated_rppa_dict	TRUE	pkcalpha
PTEN-R-V	0.187849058061069	0.0402012145474882	4.72699439346411	2.80617219152036e-06	1.02042625146195e-05	3.02177863988736	2.80617219152036e-06	1.02042625146195e-05	4.72699439346411	RPPA	FALSE	not_significant	ER_positive_vs_ER_negative	ER_negative	ER_positive - ER_negative	limma_robust_on_rppa_matrix	PTEN-R-V	PTEN	PTEN	total	unique	curated_rppa_dict	TRUE	pten
Paxillin-R-V	0.068838654805191	0.0438162527294686	2.05096691450767	0.0406888032951678	0.064366468489531	-5.85095809106579	0.0406888032951678	0.064366468489531	2.05096691450767	RPPA	FALSE	not_significant	ER_positive_vs_ER_negative	ER_negative	ER_positive - ER_negative	limma_robust_on_rppa_matrix	Paxillin-R-V	Paxillin	PXN	total	unique	curated_rppa_dict	TRUE	paxillin
Rab25-R-V	0.0330172443783429	0.0247913303967818	0.766508906957765	0.443657228748512	0.494451681300435	-7.66935648521928	0.443657228748512	0.494451681300435	0.766508906957765	RPPA	FALSE	not_significant	ER_positive_vs_ER_negative	ER_negative	ER_positive - ER_negative	limma_robust_on_rppa_matrix	Rab25-R-V	Rab25	RAB25	total	unique	curated_rppa_dict	TRUE	rab25
Rad50-M-C	0.145487682938503	0.0163302618695652	6.15773366876252	1.32456814451728e-09	6.86813111971922e-09	10.4615856201887	1.32456814451728e-09	6.86813111971922e-09	6.15773366876252	RPPA	FALSE	not_significant	ER_positive_vs_ER_negative	ER_negative	ER_positive - ER_negative	limma_robust_on_rppa_matrix	Rad50-M-C	Rad50	RAD50	total	unique	curated_rppa_dict	TRUE	rad50
Rad51-M-E	-0.117215857899187	0.0054426919631579	-3.07090475016887	0.00244591212933574	0.00492701723894969	-2.79442520992935	0.00244591212933574	0.00492701723894969	-3.07090475016887	RPPA	FALSE	not_significant	ER_positive_vs_ER_negative	ER_negative	ER_positive - ER_negative	limma_robust_on_rppa_matrix	Rad51-M-E	Rad51	RAD51	total	unique	curated_rppa_dict	TRUE	rad51
C-Raf-R-V	-0.0384751324304176	0.014135379883438	-1.57004249495741	0.11690128916804	0.158127347666914	-6.73249644259774	0.11690128916804	0.158127347666914	-1.57004249495741	RPPA	FALSE	not_significant	ER_positive_vs_ER_negative	ER_negative	ER_positive - ER_negative	limma_robust_on_rppa_matrix	C-Raf-R-V	C-Raf	RAF1	total	unique	curated_rppa_dict	TRUE	craf
Rb-M-E	0.10548570467675	0.0679788286518838	3.54694677560737	0.000418309652694575	0.00100108292952548	-1.73164759332437	0.000418309652694575	0.00100108292952548	3.54694677560737	RPPA	FALSE	not_significant	ER_positive_vs_ER_negative	ER_negative	ER_positive - ER_negative	limma_robust_on_rppa_matrix	Rb-M-E	Rb	RB1	total	unique	curated_rppa_dict	TRUE	rb
RBM15-R-V	-0.444896697285624	-0.0911305432986656	-6.53653431136674	1.29010463894959e-10	7.68572976395499e-10	12.7217779618212	1.29010463894959e-10	7.68572976395499e-10	-6.53653431136674	RPPA	TRUE	ER_negative_up	ER_positive_vs_ER_negative	ER_negative	ER_positive - ER_negative	limma_robust_on_rppa_matrix	RBM15-R-V	RBM15	RBM15	total	unique	curated_rppa_dict	TRUE	rbm15
Rictor-R-C	0.152460400495897	0.0587983544478022	3.04683645198907	0.00240818892912783	0.00488618043591155	-3.35325065948575	0.00240818892912783	0.00488618043591155	3.04683645198907	RPPA	FALSE	not_significant	ER_positive_vs_ER_negative	ER_negative	ER_positive - ER_negative	limma_robust_on_rppa_matrix	Rictor-R-C	Rictor	RICTOR	total	unique	curated_rppa_dict	TRUE	rictor
S6-R-E	-0.340018282705776	-0.102179137677002	-7.15286444865682	2.33983678382927e-12	1.7706872958708e-11	16.6522836981648	2.33983678382927e-12	1.7706872958708e-11	-7.15286444865682	RPPA	TRUE	ER_negative_up	ER_positive_vs_ER_negative	ER_negative	ER_positive - ER_negative	limma_robust_on_rppa_matrix	S6-R-E	S6	RPS6	total	unique	curated_rppa_dict	TRUE	s6
p90RSK-R-C	-0.112116878329226	0.0159746571134223	-3.48545823874854	0.000524994479312059	0.00124574961192692	-1.94381652966571	0.000524994479312059	0.00124574961192692	-3.48545823874854	RPPA	FALSE	not_significant	ER_positive_vs_ER_negative	ER_negative	ER_positive - ER_negative	limma_robust_on_rppa_matrix	p90RSK-R-C	p90RSK	RPS6KA1	total	unique	curated_rppa_dict	TRUE	p90rsk
p70S6K-R-V	0.179254284109617	0.0143549804156201	3.4167868644077	0.000673933335408606	0.00153415718629601	-2.17654695060019	0.000673933335408606	0.00153415718629601	3.4167868644077	RPPA	FALSE	not_significant	ER_positive_vs_ER_negative	ER_negative	ER_positive - ER_negative	limma_robust_on_rppa_matrix	p70S6K-R-V	p70S6K	RPS6KB1	total	unique	curated_rppa_dict	TRUE	p70s6k
Raptor-R-V	0.142409749270754	0.0432449110066719	4.68767732903048	3.38087023031764e-06	1.21364572370377e-05	2.84285542120516	3.38087023031764e-06	1.21364572370377e-05	4.68767732903048	RPPA	FALSE	not_significant	ER_positive_vs_ER_negative	ER_negative	ER_positive - ER_negative	limma_robust_on_rppa_matrix	Raptor-R-V	Raptor	RPTOR	total	unique	curated_rppa_dict	TRUE	raptor
SCD-M-V	-0.389026849652115	-0.477259629731162	-3.0770438541395	0.00218025377063895	0.00455575414760377	-3.26206472683972	0.00218025377063895	0.00455575414760377	-3.0770438541395	RPPA	TRUE	ER_negative_up	ER_positive_vs_ER_negative	ER_negative	ER_positive - ER_negative	limma_robust_on_rppa_matrix	SCD-M-V	SCD	SCD	total	unique	curated_rppa_dict	TRUE	scd
PAI-1-M-E	-0.209592858894092	0.109479656921053	-2.18885584873821	0.0298222406748513	0.0497037344580854	-5.0340564722292	0.0298222406748513	0.0497037344580854	-2.18885584873821	RPPA	TRUE	ER_negative_up	ER_positive_vs_ER_negative	ER_negative	ER_positive - ER_negative	limma_robust_on_rppa_matrix	PAI-1-M-E	PAI-1	SERPINE1	total	unique	curated_rppa_dict	TRUE	pai1
SETD2-R-E	-0.0629391403062508	-0.00326306635832026	-2.38421047259862	0.0174072746114904	0.0299020668172842	-5.13240720943082	0.0174072746114904	0.0299020668172842	-2.38421047259862	RPPA	FALSE	not_significant	ER_positive_vs_ER_negative	ER_negative	ER_positive - ER_negative	limma_robust_on_rppa_matrix	SETD2-R-E	SETD2	SETD2	total	unique	curated_rppa_dict	TRUE	setd2
Smad1-R-V	0.0668475183632981	0.0095900919423077	2.74392395210272	0.00624174055550212	0.0118890296295278	-4.2192007781145	0.00624174055550212	0.0118890296295278	2.74392395210272	RPPA	FALSE	not_significant	ER_positive_vs_ER_negative	ER_negative	ER_positive - ER_negative	limma_robust_on_rppa_matrix	Smad1-R-V	Smad1	SMAD1	total	unique	curated_rppa_dict	TRUE	smad1
Smad3-R-V	0.190617613516169	0.0192009140239404	8.7114204010728	2.57438213945888e-17	3.00344582936869e-16	27.8990108561647	2.57438213945888e-17	3.00344582936869e-16	8.7114204010728	RPPA	FALSE	not_significant	ER_positive_vs_ER_negative	ER_negative	ER_positive - ER_negative	limma_robust_on_rppa_matrix	Smad3-R-V	Smad3	SMAD3	total	unique	curated_rppa_dict	TRUE	smad3
Smad4-M-C	0.0574954222176868	0.0877178530856079	1.91567737493214	0.0561123614045083	0.0868036530014493	-5.91002835044083	0.0561123614045083	0.0868036530014493	1.91567737493214	RPPA	FALSE	not_significant	ER_positive_vs_ER_negative	ER_negative	ER_positive - ER_negative	limma_robust_on_rppa_matrix	Smad4-M-C	Smad4	SMAD4	total	unique	curated_rppa_dict	TRUE	smad4
Snail-M-E	-0.161977516636628	-0.0117135640412088	-6.45164669436792	2.18911361834616e-10	1.22590362627385e-09	12.2045544029251	2.18911361834616e-10	1.22590362627385e-09	-6.45164669436792	RPPA	FALSE	not_significant	ER_positive_vs_ER_negative	ER_negative	ER_positive - ER_negative	limma_robust_on_rppa_matrix	Snail-M-E	Snail	SNAI1	total	unique	curated_rppa_dict	TRUE	snail
Src-M-V	-0.0502613840954022	0.0340681705961539	-1.73705782803985	0.0828598518442605	0.119591538744293	-6.45740753458524	0.0828598518442605	0.119591538744293	-1.73705782803985	RPPA	FALSE	not_significant	ER_positive_vs_ER_negative	ER_negative	ER_positive - ER_negative	limma_robust_on_rppa_matrix	Src-M-V	Src	SRC	total	unique	curated_rppa_dict	TRUE	src
SF2-M-V	0.0422084354679093	-0.0346602590631868	2.45997766443194	0.0141587767078448	0.0250915030265605	-4.95049842254158	0.0141587767078448	0.0250915030265605	2.45997766443194	RPPA	FALSE	not_significant	ER_positive_vs_ER_negative	ER_negative	ER_positive - ER_negative	limma_robust_on_rppa_matrix	SF2-M-V	SF2	SRSF1	total	unique	curated_rppa_dict	TRUE	sf2
STAT5-alpha-R-V	-0.11577900408197	0.171108034512166	-1.75106696985087	0.080415199213414	0.117468910710512	-6.4330816394648	0.080415199213414	0.117468910710512	-1.75106696985087	RPPA	FALSE	not_significant	ER_positive_vs_ER_negative	ER_negative	ER_positive - ER_negative	limma_robust_on_rppa_matrix	STAT5-alpha-R-V	STAT5-alpha	STAT5A	total	unique	curated_rppa_dict	TRUE	stat5alpha
LKB1-M-E	0.0399147206094499	-0.0342307773905024	2.30963383076707	0.0212270063799148	0.0355901903375816	-5.30599745428691	0.0212270063799148	0.0355901903375816	2.30963383076707	RPPA	FALSE	not_significant	ER_positive_vs_ER_negative	ER_negative	ER_positive - ER_negative	limma_robust_on_rppa_matrix	LKB1-M-E	LKB1	STK11	total	unique	curated_rppa_dict	TRUE	lkb1
Stathmin-R-V	-0.173064626346841	-0.00642800985753532	-5.99383681601105	3.42966393528631e-09	1.68474719628099e-08	9.51818743325292	3.42966393528631e-09	1.68474719628099e-08	-5.99383681601105	RPPA	FALSE	not_significant	ER_positive_vs_ER_negative	ER_negative	ER_positive - ER_negative	limma_robust_on_rppa_matrix	Stathmin-R-V	Stathmin	STMN1	total	unique	curated_rppa_dict	TRUE	stathmin
Syk-M-V	-0.488758217087987	0.0883688541220565	-8.34975828122168	4.25905011730047e-16	4.58666935709281e-15	25.129284648361	4.25905011730047e-16	4.58666935709281e-15	-8.34975828122168	RPPA	TRUE	ER_negative_up	ER_positive_vs_ER_negative	ER_negative	ER_positive - ER_negative	limma_robust_on_rppa_matrix	Syk-M-V	Syk	SYK	total	unique	curated_rppa_dict	TRUE	syk
TFRC-R-V	-0.129181155293655	0.0910053451518838	-2.41674397176725	0.0159397295610796	0.0278945267318892	-5.05498223455645	0.0159397295610796	0.0278945267318892	-2.41674397176725	RPPA	FALSE	not_significant	ER_positive_vs_ER_negative	ER_negative	ER_positive - ER_negative	limma_robust_on_rppa_matrix	TFRC-R-V	TFRC	TFRC	total	unique	curated_rppa_dict	TRUE	tfrc
TIGAR-R-V	-0.0563324161799491	0.0166986140843799	-3.07966987023129	0.00216140612068052	0.00455032867511688	-3.25409641121353	0.00216140612068052	0.00455032867511688	-3.07966987023129	RPPA	FALSE	not_significant	ER_positive_vs_ER_negative	ER_negative	ER_positive - ER_negative	limma_robust_on_rppa_matrix	TIGAR-R-V	TIGAR	TIGAR	total	unique	curated_rppa_dict	TRUE	tigar
p53-R-V	-0.430669436807484	-0.123241435804348	-8.5217625853906	1.18912729990244e-16	1.33182257589073e-15	26.4041091604294	1.18912729990244e-16	1.33182257589073e-15	-8.5217625853906	RPPA	TRUE	ER_negative_up	ER_positive_vs_ER_negative	ER_negative	ER_positive - ER_negative	limma_robust_on_rppa_matrix	p53-R-V	p53	TP53	total	unique	curated_rppa_dict	TRUE	p53
53BP1-R-E	0.406205551043245	0.0814059184473684	4.89254691421825	2.1114978987331e-06	7.88292548860356e-06	3.88641133056904	2.1114978987331e-06	7.88292548860356e-06	4.89254691421825	RPPA	TRUE	ER_positive_up	ER_positive_vs_ER_negative	ER_negative	ER_positive - ER_negative	limma_robust_on_rppa_matrix	53BP1-R-E	53BP1	TP53BP1	total	unique	curated_rppa_dict	TRUE	53bp1
TSC1-R-C	-0.474345196386428	0.0344937113065149	-7.09642536049802	3.41983545317673e-12	2.51987875497233e-11	16.2797196660312	3.41983545317673e-12	2.51987875497233e-11	-7.09642536049802	RPPA	TRUE	ER_negative_up	ER_positive_vs_ER_negative	ER_negative	ER_positive - ER_negative	limma_robust_on_rppa_matrix	TSC1-R-C	TSC1	TSC1	total	unique	curated_rppa_dict	TRUE	tsc1
Tuberin-R-E	0.262858233480237	0.00028840047368425	4.4551566671853	1.42699760294374e-05	4.48943066094658e-05	2.05048025787207	1.42699760294374e-05	4.48943066094658e-05	4.4551566671853	RPPA	TRUE	ER_positive_up	ER_positive_vs_ER_negative	ER_negative	ER_positive - ER_negative	limma_robust_on_rppa_matrix	Tuberin-R-E	Tuberin	TSC2	total	unique	curated_rppa_dict	TRUE	tuberin
TAZ-R-V	-0.075353170291402	0.0547315484606918	-2.34832057807523	0.0192651346058068	0.0324954077688308	-5.07560842420941	0.0192651346058068	0.0324954077688308	-2.34832057807523	RPPA	FALSE	not_significant	ER_positive_vs_ER_negative	ER_negative	ER_positive - ER_negative	limma_robust_on_rppa_matrix	TAZ-R-V	TAZ	WWTR1	total	unique	curated_rppa_dict	TRUE	taz
XBP1-G-C	-0.0323282451456632	-0.0293386221063579	-1.08611398751468	0.277838982296093	0.336774523995265	-7.37360074082587	0.277838982296093	0.336774523995265	-1.08611398751468	RPPA	FALSE	not_significant	ER_positive_vs_ER_negative	ER_negative	ER_positive - ER_negative	limma_robust_on_rppa_matrix	XBP1-G-C	XBP1	XBP1	total	unique	curated_rppa_dict	TRUE	xbp1
XRCC1-R-E	0.167626555064454	-0.0440265983105263	4.0134078038228	8.59441535250339e-05	0.000243074373606157	0.33899903829326	8.59441535250339e-05	0.000243074373606157	4.0134078038228	RPPA	FALSE	not_significant	ER_positive_vs_ER_negative	ER_negative	ER_positive - ER_negative	limma_robust_on_rppa_matrix	XRCC1-R-E	XRCC1	XRCC1	total	unique	curated_rppa_dict	TRUE	xrcc1
Ku80-R-C	-0.0874996777452349	-0.0106253447821821	-2.44848932801061	0.0146139756791471	0.0257353030827748	-4.97843991228697	0.0146139756791471	0.0257353030827748	-2.44848932801061	RPPA	FALSE	not_significant	ER_positive_vs_ER_negative	ER_negative	ER_positive - ER_negative	limma_robust_on_rppa_matrix	Ku80-R-C	Ku80	XRCC5	total	unique	curated_rppa_dict	TRUE	ku80
YAP-R-E	-0.065193080294863	0.0229668466473684	-1.67160513649655	0.0962427467959023	0.134918579853208	-6.01448998146146	0.0962427467959023	0.134918579853208	-1.67160513649655	RPPA	FALSE	not_significant	ER_positive_vs_ER_negative	ER_negative	ER_positive - ER_negative	limma_robust_on_rppa_matrix	YAP-R-E	YAP	YAP1	total	unique	curated_rppa_dict	TRUE	yap
YB-1-R-V	-0.0274135708778276	0.0113238167429356	-0.806416568538993	0.420303351106995	0.474536041572414	-7.63798918444019	0.420303351106995	0.474536041572414	-0.806416568538993	RPPA	FALSE	not_significant	ER_positive_vs_ER_negative	ER_negative	ER_positive - ER_negative	limma_robust_on_rppa_matrix	YB-1-R-V	YB-1	YBX1	total	unique	curated_rppa_dict	TRUE	yb1
14-3-3_beta-R-V	0.0281845025723665	0.0290816650616169	1.27653057454581	0.202232734339215	0.257968439443335	-7.14906731104587	0.202232734339215	0.257968439443335	1.27653057454581	RPPA	FALSE	not_significant	ER_positive_vs_ER_negative	ER_negative	ER_positive - ER_negative	limma_robust_on_rppa_matrix	14-3-3_beta-R-V	14-3-3_beta	YWHAB	total	unique	curated_rppa_dict	TRUE	1433beta
14-3-3_epsilon-M-C	0.0335482169383817	0.0431659153865777	1.62011091027468	0.105702861923706	0.145797050929249	-6.65292118322689	0.105702861923706	0.145797050929249	1.62011091027468	RPPA	FALSE	not_significant	ER_positive_vs_ER_negative	ER_negative	ER_positive - ER_negative	limma_robust_on_rppa_matrix	14-3-3_epsilon-M-C	14-3-3_epsilon	YWHAE	total	unique	curated_rppa_dict	TRUE	1433epsilon
14-3-3_zeta-R-V	-0.00587286610813145	0.0786947527091837	-0.142761883729384	0.886523339581327	0.902641945755533	-7.95290612082098	0.886523339581327	0.902641945755533	-0.142761883729384	RPPA	FALSE	not_significant	ER_positive_vs_ER_negative	ER_negative	ER_positive - ER_negative	limma_robust_on_rppa_matrix	14-3-3_zeta-R-V	14-3-3_zeta	YWHAZ	total	unique	curated_rppa_dict	TRUE	1433zeta
